name,price,green_rate,plot_ratio,address
长岛别墅,16550,,0.35,铜山/铜山新区/彭祖路
碧桂园南湖湾,9698,,0.49,贾汪/青山泉镇/206国道
翔龙湾,20185,,0.49,新城区/新市政府/楚韵路
月亮湾,12000,,0.53,云龙/国基城邦/玉带路
宝龙观邸(别墅),27458,,0.6,"铜山/国基城邦/华山路,近玫瑰大道"
宝龙观邸,19297,,0.6,"铜山/国基城邦/华山路,近玫瑰大道"
墅立方,11639,,0.7,云龙/国基城邦/大学路
绿地湖语墅,10671,,0.77,铜山/铜山新区/华山路
绿城紫薇公馆,29040,,0.8,泉山/湖滨小区/金山南路
山水文园,8367,,0.8,铜山/国基城邦/458镇道
山水文园(别墅),8590,,0.8,铜山/国基城邦/458镇道
十二橡树庄园,4574,,0.8,铜山/铜山万达/汇河路
玉景美庐,7500,,0.9,新沂/新沂市区/玉景路1号
松霏花园,8998,,0.91,"泉山/风华园/翟北路,近北京路"
松霏花园(别墅),11948,,0.91,泉山/风华园/翟北路
云龙湖悦府,16333,,1,铜山/铜山新区/大学路9号
云龙湖峰荟,11888,,1,云龙/国基城邦/大学路
泊岸美墅西区,20003,,1,云龙/万达广场/鑫城路9号
弘阳凤鸣府(别墅),9671,,1.01,"贾汪/青山泉镇/凤鸣路,近泓福路"
弘阳凤鸣府,5766,,1.01,"贾汪/青山泉镇/凤鸣路,近泓福路"
海h南山(别墅),15956,,1.05,"泉山/开元四季/三环南路,近玉带路"
海h南山,17214,,1.05,"泉山/开元四季/三环南路,近玉带路"
紫云府,13962,,1.1,鼓楼/清水湾/天齐南路5号
惠民花园,4100,,1.15,邳州/邳州市区/华山北路
狮子山春光花园,10911,,1.2,"云龙/郭庄路/郭庄路,近备战路"
煤建南村,10495,,1.2,泉山/大润发/煤建路
关庄组团小区,13057,,1.2,泉山/湖滨小区/二环西路
逸山花园,12698,,1.2,泉山/凤鸣路/凤台路3号
茗城逸墅,9285,,1.2,泉山/四院/淮塔东路
金达花园,11704,,1.2,泉山/大润发/湖北路36号
湖悦天境,10317,,1.2,"铜山/铜山新区/钱江路,近凤湖路"
沈苑小区,8666,,1.2,鼓楼/堤北/黄河北路
奎园新居南区,9793,,1.2,泉山/凤鸣路/奎淮路
浙江商贸城,5602,,1.2,睢宁/城区/新市路
钢铁五金城,4678,,1.2,睢宁/城区/东升路
合群新村,9661,,1.2,泉山/段庄广场/苏堤北路
枫林天下二期,13405,,1.21,"铜山/铜山万达/大学路,近玫瑰路"
枫林天下二期(别墅),10530,,1.21,铜山/铜山万达/大学路
皇城大厦,7400,,1.25,云龙/民营工业园/青年路226号
狄湖新城,3974,,1.26,新沂/新沂市区/徐海西路
融创领地凤鸣桃源风雅颂,6584,,1.27,贾汪/新夏路口/鲁尔大道
御龙山水(东区),6498,,1.28,"贾汪/新夏路口/府佐路,近泓福路"
华美风景园(北区),9317,,1.29,泉山/淮西客运站/大彭路
湖滨花园小区,11475,,1.3,泉山/云龙湖风景区/段南路
鼓楼花园园中苑一期,10220,,1.3,鼓楼/荆马河/中山北路281号
滨河花园,10172,,1.3,鼓楼/荆马河/金马路
电业小区,9653,,1.3,鼓楼/堤北/复兴北路177号
祥和四季花园,11977,,1.3,鼓楼/祥和小区/煤港路
梅园公寓,13980,,1.3,云龙/沃尔玛/民主南路175号
百合嘉园,8521,,1.3,泉山/鑫苑景园/矿山路29号
城市枫景,8260,,1.3,"铜山/铜山新区/黄山路,近长江西路"
天能花园,9520,,1.3,鼓楼/东站/汉城路
党校宿舍,12295,,1.3,铜山/铜山新区/学苑路8号
新虞豪庭,4600,,1.3,邳州/邳州市区/邳新路
阳光公寓,9340,,1.3,云龙/宣武市场/复兴南路
观澜别院,16000,,1.3,"新城区/新市政府/商聚路,近迎宾大道"
西城景园,8061,,1.3,泉山/火花/大彭路
中央御景西区,7522,,1.3,沛县/沛县市区/汤沐路
国大景苑,5487,,1.3,新沂/新沂市区/郯新路
东方润园,27171,,1.3,泉山/市二院/和平路129号
东方润园(别墅),25438,,1.3,泉山/市二院/和平路129号
外余窑,10115,,1.3,泉山/市二院/吴庄路
福泽园,9883,,1.3,铜山/铜山万达/海河东路3号
东城茗门,4513,,1.3,金山桥开发区/高铁站/兴镇北路
天能小区,10344,,1.3,云龙/万达广场/备战路
城市之心,5285,,1.32,贾汪/青山泉镇/前委路12号
高盛汉郡,8556,,1.38,贾汪/新夏路口/徐州路
御城华府,5738,,1.4,沛县/沛县市区/滨河路
朱庄小区(西区),9060,,1.4,鼓楼/祥和路/朱庄南巷
一品文苑花园小区,3090,,1.45,睢宁/城区/文苑路
枫林天下三期,15000,,1.46,"铜山/国基城邦/大学路,近珠江西路"
枫林天下三期(别墅),14531,,1.46,"铜山/国基城邦/大学路,近珠江西路"
观澜郡,4960,,1.47,丰县/城区/西环路
中茵广场,9555,,1.5,云龙/云龙周边/楚韵路
翠薇园,10625,,1.5,泉山/泉山美墅/三环南路
美的观棠,8591,,1.5,"铜山/铜山新区/府前路,近纺织路"
润阳泓福壹号,7075,,1.5,贾汪/新夏路口/泓福路1号
悦龙湾,7966,,1.56,"邳州/邳州市区/长江路,近庐山路"
世茂东都汉之源,15065,,1.56,云龙/楚王陵/津浦东路
八里东城名苑,5705,,1.57,"睢宁/城区/324省道,近121省道"
香榭里,7302,,1.59,丰县/城区/工农路
中海九樾,11636,,1.6,"鼓楼/庆云桥西/二环北路,近平山路"
华信聚福园,5161,,1.6,新沂/新沂市区/市府东路
天坤香缇美墅,8593,,1.6,新沂/新沂市区/五华路
月桥花院,14912,,1.6,新城区/新市政府/富春路1号
恒盛佳苑,6484,,1.6,邳州/邳州市区/英才路
吉盛未来城,4880,,1.67,睢宁/城区/104国道
湖光山色南区,22916,,1.68,泉山/市二院/明珠路
颐居隐山观湖,8555,,1.7,"铜山/铜山新区/闽江路,近凤湖路"
枫林学府(别墅),12946,,1.7,"铜山/国基城邦/珠江西路,近大学路"
名城国际花园,6769,,1.7,邳州/邳州市区/锦江西路
福新苑,822,,1.74,新沂/新沂市区/徐海路111号
凤凰嗉B区,4315,,1.74,丰县/城区/西城路29号
奥体沁园,15367,,1.75,新城区/奥体中心/明正路19号
世茂东都天城,13751,,1.77,云龙/楚王陵/津浦东路
江山花园,6995,,1.78,丰县/城区/南环路
卢卡庄园,5300,,1.78,沛县/沛县市区/韩信路
望湖大厦,12692,,1.8,泉山/滨湖新天地少华街/湖北路
同发家和园,12954,,1.8,云龙/火车站/东三环
余窑新村,10601,,1.8,泉山/市二院/王陵路67-1号
中昂朗琴,15005,,1.8,鼓楼/杨庄/三环东路
康城金色家园,8614,,1.8,沛县/沛县市区/红光路59号
永泰锦园,11751,,1.8,"新城区/奥体中心/太行路,近新元大道"
黎明锦绣豪庭,6712,,1.8,邳州/邳州市区/银杏大道
盈佳香荷湾,12654,,1.8,鼓楼/下淀/广山路3号
十里花溪,4748,,1.8,贾汪/新夏路口/泓福路2号
紫金雅苑,5235,,1.84,贾汪/世纪西路/桃园路
景泰嘉园,5037,,1.86,丰县/城区/丰黄路
中海丽景豪庭小区,6206,,1.87,睢宁/城区/幸福路6号
丰泽园,6130,,1.88,"丰县/城区/丰邑大道,近汉韵路"
桃源公馆,5995,,1.89,贾汪/新夏路口/桃源路
国际未来城(A区),6459,,1.9,邳州/邳州市区/建设南路
悦庭,9488,,1.92,新城区/商务城/唐盛路6号
碧桂园B悦府,6000,,1.95,"丰县/城区/东城路,近南苑路"
融创枫丹公馆,6666,,1.99,"丰县/城区/经五路,近南环路"
枫林学府,11903,,1.99,"铜山/国基城邦/珠江西路,近大学路"
咏泉山庄,4700,,1.99,邳州/邳州市区/天山北路
鑫湖花园,9875,,2,泉山/湖滨小区/湖滨路
恒茂福泽园,11107,,2,铜山/铜山万达/黄河东路
荣康公寓,16247,,2,泉山/大润发/吴庄路18号
和平公寓,10769,,2,云龙/沃尔玛/和平路15号
华宇九州府,12636,,2,"泉山/贵邦财富大厦/矿山路,近西三环路"
银城致享城,8684,,2,铜山/铜山新区/银山路16号
美的工润明湖,13368,,2,"金山桥开发区/高铁站/明湖路,近振兴大道"
保利合景珑湾,12930,,2,"金山桥开发区/高铁站/鸿畅路,近和平大道"
锦绣东城,6530,,2,"丰县/城区/东城路,近南环路"
红旗康居家园,2900,,2,邳州/邳州市区/燕陈线
康城府邸,6061,,2,新沂/新沂市区/市府东路
东方名人湾,7461,,2,新沂/新沂市区/沭东大道
绿地商务城梵顿公馆,13406,,2,新城区/奥体中心/太行路
苏宁悦城,10487,,2,"鼓楼/九里/天齐北路,近北三环快速路"
华泰佳园(北区),5000,,2,邳州/邳州市区/民主路66号
亚新锦园,6413,,2,邳州/邳州市区/世纪大道
山水澜庭,6071,,2,邳州/邳州市区/泰州路
福馨家园,6878,,2,邳州/邳州市区/邳新路
欢乐城,7454,,2.01,丰县/城区/东城路
滨河蓝庭,5299,,2.01,丰县/城区/南环路
滨河蓝庭(别墅),8019,,2.01,丰县/城区/南环路
康城雅居,5774,,2.04,新沂/新沂市区/黄沐路
正德秋实园,11413,,2.1,"泉山/矿业大学/三环南路,近解放南路"
安怡园小区,2800,,2.1,沛县/沛县市区/204县道
红枫家园,5000,,2.1,新沂/新沂市区/人民路
金丰尚城,6200,,2.1,丰县/城区/南环路
学府茗苑,7071,,2.11,睢宁/城区/苏源南路
天润御景园,6769,,2.17,"睢宁/城区/睢河路,近永安路"
港利上城国际,8682,,2.19,鼓楼/鼓楼周边/北三环快速路
南都国际,8429,,2.2,泉山/泉山森林公园/解放南路
尚景名庭,14023,,2.2,云龙/绿地世纪城/民祥路1号
江山御,12000,,2.2,铜山/国基城邦/大学路29号
鱼先生的社区,8417,,2.2,泉山/火花/时代大道1号
金域华府,6917,,2.2,睢宁/城区/八一西路
翰林华府,7075,,2.2,丰县/城区/南环路
云龙观邸,20945,,2.2,泉山/市二院/明珠路
东方名郡(北区),7642,,2.2,邳州/邳州市区/长江路
润企滨河苑,5798,,2.21,"睢宁/城区/新城东路,近天虹大道"
云龙华府(商住楼),9618,,2.24,云龙/绿地世纪城/庆丰路73号
荣丰学士园,6378,,2.26,"丰县/城区/向阳路,近南环路"
恒大滨河左岸,12794,,2.27,"泉山/交通银行/欣欣路,近长安路"
东方春城,5959,,2.28,丰县/城区/解放东路
世纪锦园,9407,,2.3,鼓楼/杨庄/下淀路139号
亿富银泰城,7142,,2.3,"睢宁/城区/元府西路,近八一路"
歌风新区,6153,,2.3,沛县/沛县市区/香城路35号
博爱大厦,14052,,2.3,泉山/段庄广场/淮海西路133号
申花名都,6237,,2.37,丰县/城区/南苑东路
状元府,7947,,2.39,睢宁/城区/人民西路
华厦南山水镇,8748,,2.39,铜山/铜山万达/黄河路
盛世年华,12528,,2.4,铜山/铜山新区/北京路18号
美的云熙府,17837,,2.4,"鼓楼/庆云桥西/中山北路,近铜沛路"
绿地花都运河小镇,5421,,2.44,"贾汪/青山泉镇/建平路,近206国道"
锦绣江南,5783,,2.46,邳州/邳州市区/华山北路
石榴运河首府,0,,2.5,邳州/邳州市区/山路
四季连城,9627,,2.5,"鼓楼/九里/西三环,近北三环"
彭鲁广场,2584,,2.5,贾汪/青山泉镇/前委西路
中骏云景台,11153,,2.5,铜山/铜山万达/黄山路24号
美的乐城,11219,,2.5,鼓楼/下淀/下淀路252号
高盛国际花园城,7993,,2.5,丰县/城区/中阳大道
金地首府,6968,,2.51,丰县/城区/南环路
侨城中央公园,6620,,2.53,沛县/沛县市区/正阳大道
万科公园里,11412,,2.58,"鼓楼/九里/丁万河南路,近平山路"
水韵汉府,7281,,2.6,邳州/邳州市区/建设北路
和润卧龙城,5602,,2.6,贾汪/新夏路口/泓福路
融耀新城,6130,,2.61,丰县/城区/北苑中路
翰林世家,5500,,2.63,沛县/沛县市区/汤沐路
紫金嘉苑,3800,,2.66,沛县/沛县市区/新孔线
小城故事,7222,,2.68,"铜山/铜山万达/北京路,近万达路"
泰山小区,10337,,2.7,泉山/矿业大学/大学城西路
丰源大厦,9446,,2.7,云龙/汽车客运总站/青年路57号
领地融创宸公馆,8800,,2.7,"金山桥开发区/高铁站/阳光路,近大大路"
玫瑰园,5539,,2.7,"丰县/城区/支农路,近南环路"
巴塞罗那,2416,,2.7,新沂/新沂市区/钟吾南路1号
永嘉新城中心,8166,,2.7,新城区/奥体中心/汉风路
新都市华庭,5468,,2.72,"沛县/沛县市区/东环路,近东风西路"
金泰尚城,7987,,2.73,"睢宁/城区/文学北路,近中央大街"
融创玉兰公馆,10455,,2.8,"泉山/火花/310国道,近311国道"
盛世珑庭,9050,,2.8,沛县/沛县市区/正阳路
君盛广场,12011,,2.8,鼓楼/祥和路/中山北路
宏利达金水湾,7357,,2.85,邳州/邳州市区/世纪大道
金府家园,18000,,2.91,泉山/湖滨小区/湖北路
怡美家园(2期),12902,,2.97,鼓楼/堤北/二环北路
中汉财富湾,11696,,2.99,铜山/铜山万达/北京南路100号
圆梦花园,11319,,3,云龙/天桥东/津浦东路
融创淮海壹号,14036,,3,"泉山/火花/西三环路,近矿山路"
万科新都会,10859,,3,铜山/铜山万达/北京北路16号
南郊中茵城,18000,,3,云龙/沃尔玛/和平路
华府天地家园,17220,,3,"鼓楼/堤北/煤港路,近二环北路"
万泰广场,8510,,3,铜山/铜山万达/北京南路285号
凤鸣城A区,5680,,3.08,丰县/城区/工农路
月星环球港,8927,,3.1,贾汪/新夏路口/徐海路8号
浙广首府,8174,,3.1,铜山/铜山万达/北京路
颖都花园,19871,,3.2,泉山/淮西新一街/淮海西路195号
汉城国际花苑二期,6990,,3.2,沛县/沛县市区/汉城路
龙源观邸,5200,,3.2,沛县/沛县市区/徐沛路
万科北宸天地,17160,,3.4,鼓楼/祥和路/二环北路
荣盛城,10513,,3.5,泉山/火花/新淮海西路43号
丰储街新旺角,11140,,3.5,"云龙/沃尔玛/丰储街,近民主南路"
汇川大象城(别墅),8084,,3.6,邳州/邳州市区/瑞兴南路
汇川大象城,7108,,3.6,邳州/邳州市区/瑞兴南路
天赋广场,11884,,3.9,铜山/铜山万达/北京路
30克拉,10314,,4.46,"金山桥开发区/高铁站/杨山路,近蟠桃山路"
金博星城,12441,,4.5,鼓楼/祥和路/奔腾大道南
世茂嘉园,7222,,4.5,邳州/邳州市区/人民路
和信广场,11607,,4.8,鼓楼/彭城广场/复兴北路27号
地王大厦,18036,,5,云龙/沃尔玛/解放路135号
帝王大厦,6470,,5,沛县/沛县市区/汉台路
绿地商务城,7866,,5.2,新城区/商务城/昆仑大道2号
新苏中心商业广场(北区),7732,,5.46,邳州/邳州市区/银杏大道
天成国贸中心,8000,,9.9,云龙/青年路/大同街125号
金地国际,12092,10.00%,,鼓楼/古彭广场/中山北路8号
银地徐州农机汽车大市场,8000,18.00%,1.7,金山桥开发区/高铁站/徐海路88号
奎园小区望月园,10383,20.00%,1.3,泉山/奎园西门/淮塔东路
天成花园,11244,20.00%,,"泉山/矿业大学/解放南路,近学府路"
金阳家园,12136,20.00%,,泉山/小康人家/二轻路
碧螺山庄(五区),10303,20.00%,3,金山桥开发区/碧螺山庄/金桥路10号
中凯城市之光,14114,20.00%,2.2,泉山/段庄广场/淮海西路
宏宇新天地,9360,20.00%,2.3,鼓楼/富源国际/环城路167号
金庭嘉园,12400,20.00%,3,泉山/淮海西路/西安北路
东阁小区,9713,20.00%,,鼓楼/富源国际/黄河东路15号
狮子山小区,10501,20.00%,,"云龙/郭庄路/德政路,近郭庄路"
黄河小区,9549,20.00%,1,"铜山/铜山新区/黄河路,近北京路"
西苑民乐园,10014,20.00%,,泉山/黄河南路/黄河南路116号
醒狮小区(一期),11923,20.00%,,泉山/香港名店街/富国街
奎中小区,10589,20.00%,1.2,泉山/四院/奎山中街10号
黄河新村,10342,20.00%,1,"泉山/彭城广场/黄河南路,近正大路"
锦绣嘉园,19406,20.00%,2.7,泉山/吴庄花园/新光路
惠民花园小区,8251,20.00%,0.8,新城区/大龙湖/汉源大道
时代华庭,13571,20.00%,3,泉山/矿业大学/金山东路
二环小区,10206,20.00%,,鼓楼/鼓楼广场/二环北路
舜禾公寓,14015,20.00%,2.7,泉山/市二院/夹河街36号
九龙湖福地阁,13517,20.00%,7.2,鼓楼/鼓楼广场/二环北路
汉韵小区(北区),10635,20.00%,3,鼓楼/鼓楼周边/襄王北路
学苑小区,7608,20.00%,,新沂/新沂市区/203县道
中学街小区,12838,20.00%,,鼓楼/古彭广场/民主北路
云龙万达广场,10268,20.00%,2.8,云龙/万达广场/和平大道58号
碧螺五区,10000,20.00%,3,鼓楼/金山桥/洞山路
金色家园,7070,20.00%,2.61,丰县/城区/工农路
融创凤鸣桃花源(别墅),14765,20.00%,0.66,贾汪/青山泉镇/凤鸣路
万达中心名宅,16332,20.00%,2.5,云龙/万达广场/庆丰路，近民祥园路
公元里,22912,20.00%,1,泉山/凤鸣路/解放路
段庄北小区,10616,21.00%,2.2,泉山/小康人家/工农北路
尚城国际,12551,21.00%,2.7,泉山/段庄广场/淮海西路272号
宏基天城,1119,21.00%,2.7,新沂/新沂市区/市府路40号
沛县帝都大厦,5800,22.00%,2.7,沛县/沛县市区/汤沐路11-1号
美的广场,7228,22.00%,3.5,"新城区/奥体中心/昆仑大道,近明正路"
文化城,7666,23.00%,1.2,泉山/康居小区/泰山路
福汇雅园,15354,23.00%,2.95,泉山/段庄广场/建国西路128号
福源国际馥园,18207,24.00%,,鼓楼/堤北/坝子街
管道公寓,15211,25.00%,1.3,"铜山/铜山新区/黄山路,近楚河路"
港南小区,10994,25.00%,1.5,鼓楼/鼓楼广场/中山北路
景染名居,13473,25.00%,2.8,"云龙/丰储街/民主南路,近建国东路"
中枢小区,10693,25.00%,2.5,泉山/彭城广场/中枢街
黄山新村小区,10168,25.00%,,云龙/黄山新村/黄山路
王场小区,9060,25.00%,,鼓楼/堤北/复兴北路
新吴庄东区,10633,25.00%,2.6,泉山/滨湖新天地少华街/湖北路
馨园小区,11744,25.00%,2.5,"云龙/万达广场/黄山路,近民祥园路"
民馨园东区,9333,25.00%,2.5,鼓楼/东站/黄河北路
山居花园,14602,25.00%,,云龙/九七医院/三环东路
新都佳苑,13720,25.00%,2.5,泉山/段庄广场/淮海西路253号
望景花园,14530,25.00%,3.4,泉山/中山南路/中山南路126号
兴华小区,9915,25.00%,,鼓楼/堤北/复兴北路
山水豪庭,9815,25.00%,2.5,云龙/彭城路/中山南路145号
黄山公寓,6989,25.00%,1.3,云龙/黄山新村/黄山路6号
铜东小区,9176,25.00%,1.21,泉山/凤鸣路/奎山25号
民馨园三期东区,9204,25.00%,2.5,鼓楼/九里/西苑中路
汉韵花园,4666,25.00%,1.8,"沛县/沛县市区/253省道,近珠江路"
绿地世纪城(北区),14453,25.00%,1.52,云龙/万达广场/民祥园路
民馨园西区,9800,25.00%,2.5,鼓楼/九里/西苑中路
龙商荣域,12974,25.00%,3,云龙/沃尔玛/解放路
嘉德金鼎广场,6501,25.00%,1.2,邳州/邳州市区/建设南路8号
玉融瀚景园,7187,25.00%,2.35,新沂/新沂市区/钟吾路2号
铁路花园小区,12077,25.00%,,云龙/楚王陵/复兴南路301号
香格里拉二期,7265,27.00%,2.5,新沂/新沂市区/人民路
天润花园,13223,28.00%,1.26,鼓楼/和风雅致/二环北路10号
崔庄小区,9373,28.00%,0.8,泉山/矿业大学/解放南路
金狮小区,5492,28.00%,,云龙/民富园/三环东路
学府嘉苑,10107,28.00%,,泉山/泉山森林公园/解放南路，近学府路
锦绣茗都,15600,28.00%,5.7,鼓楼/九龙湖/解放北路4号
万隆公寓,9636,28.00%,0.8,鼓楼/祥和路/祥和东街1号
万裕花园,15747,28.00%,,泉山/凤鸣路/凤台路8号
银龙嘉园,5720,28.00%,1.2,丰县/城区/解放东路
徐州风华园,11200,30.00%,,泉山/风华园/三环南路130号
锦绣山水(南区),15718,30.00%,1.5,鼓楼/荆马河/奔腾大道
锦绣年华,13961,30.00%,2.4,泉山/小康人家/二轻路3号
贵邦俊园(西区),12835,30.00%,1.5,云龙/九七医院/响山路1-101号
怡康花园,13874,30.00%,1.6,鼓楼/九龙湖/马场湖西路
春雨花园,11074,30.00%,0.9,泉山/快哉亭公园/三环西路
永康小区,16991,30.00%,2.5,鼓楼/彭城广场/洪学巷
山水龙瑞,13798,30.00%,2,鼓楼/荆马河/机场路104号
豪绅嘉苑,11901,30.00%,1.35,鼓楼/东站/观宇路2号
现代汉城,7080,30.00%,1.5,邳州/邳州市区/长江路
民安园,11693,30.00%,1.5,泉山/西苑/民安南路
中锐星尚城,14882,30.00%,2.2,"新城区/新市政府/丽水路,近清风路"
春华园,11493,30.00%,,鼓楼/堤北/中山北路
国华天玺,15562,30.00%,3,鼓楼/古彭广场/中山北路249号
贵和苑,14390,30.00%,2.19,鼓楼/九龙湖/马场湖西路
杏山花园,8565,30.00%,2,泉山/云龙湖风景区/三环西路
万科城A1区,13849,30.00%,1.8,鼓楼/鼓楼周边/天齐路6号
幸福家园(东区),10892,30.00%,1.68,泉山/淮西客运站/新淮海西路
碧水湾(南区),10771,30.00%,1.9,"泉山/碧水湾/泉新路,翟北路"
天骄世家,22447,30.00%,2.7,鼓楼/堤北/环城路173号
华商清水湾D区,13198,30.00%,1.6,鼓楼/荆马河/清水路
永嘉太阳城,13134,30.00%,1.28,泉山/泉山美墅/三环南路29号
水岸春天,11340,30.00%,1.5,鼓楼/清水湾/奔腾大道
金山福地一期,12135,30.00%,1.6,"金山桥开发区/金龙湖/徐海路,近汉源大道"
恒昌花园,11705,30.00%,,鼓楼/堤北/华祖庙路
星光名庭,12169,30.00%,1.4,金山桥开发区/泰隆商业街/长安大道
风华南苑,10761,30.00%,1,"铜山/文泰康城/风华南路,近翟南路"
湖光山色北区,20430,30.00%,1.66,泉山/建国西路/建国西路
国信上城云玺,16004,30.00%,2.3,新城区/大龙湖/民生路
纺南小区,10358,30.00%,1.2,泉山/湖滨小区/二环西路29号
润家香花畦,12509,30.00%,1.3,鼓楼/下淀/白云路
永业世纪花园,11308,30.00%,2.5,鼓楼/庆云桥西/铜沛路186号
美好汇邻湾,14695,30.00%,2.3,"鼓楼/下淀路/下淀路,近东三环快速路"
未来城,15535,30.00%,2,新城区/商务城/明正路
梅园小区,9952,30.00%,1.2,铜山/铜山新区/同昌西路73号
银湖小区,12974,30.00%,1.3,泉山/云龙湖风景区/湖北路
睢宁大院,7695,30.00%,1.48,"睢宁/城区/八一东路,近文学北路"
文苑小区,9003,30.00%,,"铜山/文泰康城/文苑南路,近上海路"
绿地高铁东城(一期),9658,30.00%,1.46,贾汪/新夏路口/彭祖大道
黄河景园,11939,30.00%,0.8,泉山/夹河街东/夹河街2号
驿城花园,8478,30.00%,1.5,铜山/铜山万达/长安路
枫园小区,9052,30.00%,1,铜山/铜山新区/淮河西路14号
香山庭院,12827,30.00%,1.5,鼓楼/响山路/响山路
立达小区,10266,30.00%,,泉山/市二院/立达路
桃园小区,10346,30.00%,1.4,"鼓楼/金山桥/杨山路,近龙潭环路"
泰山绿色家园,5172,30.00%,,泉山/风华园/金山东路
荣盛香榭兰庭,14670,30.00%,2.5,"云龙/万达广场/庆丰路,近黄山路"
河畔花城,15771,30.00%,2.99,泉山/天山绿洲/苏堤北路57号
新华景苑,15840,30.00%,1.47,泉山/风华园/风华南路6号
汉御花园,19333,30.00%,1.3,云龙/沃尔玛/中山南路173号
军缘新城,10882,30.00%,2.3,鼓楼/鼓楼广场/马场湖西路
安达家园,12092,30.00%,,云龙/火车站/响山路
大汉富邦公寓,6168,30.00%,,云龙/汽车客运总站/复兴南路123号
恒生嘉苑,10366,30.00%,,泉山/建国西路/二环西路56号
西湖美景,13679,30.00%,1.2,泉山/湖滨小区/二环西路
乐庭公寓,12163,30.00%,1.5,泉山/鑫苑景园/矿山路
城建家园,7311,30.00%,,"云龙/万达广场/东丰路,近假山路"
同昌小区,9268,30.00%,,"铜山/铜山万达/同昌西路,近上海路"
华润绿地凯旋门,20972,30.00%,3.1,鼓楼/古彭广场/中山北路
翰林豪庭,5471,30.00%,1.8,鼓楼/煤港路/天平四巷
舜淮府第,13492,30.00%,2.1,泉山/矿业大学/解放南路
西雅园(南区),15734,30.00%,2.5,泉山/西苑/西苑中路12号
287大院,13936,30.00%,1.3,云龙/楚王陵/复兴南路287号
华商格林豪森,6771,30.00%,1.9,泉山/碧水湾/泉新路
金月名人居,16642,30.00%,1.9,泉山/彭城广场/少华街120号
瑞龙东方广场,10000,30.00%,1.7,云龙/楚王陵/三环东路
新成花园,9644,30.00%,1.25,鼓楼/杨庄/大庆路22号
东部美的城,5989,30.00%,1.7,贾汪/新夏路口/大泉路9号
苹果新天地,12588,30.00%,3.5,"鼓楼/清水湾/金马路,近殷庄路"
皇家马德里,6687,30.00%,1.57,睢宁/城区/104国道
宝龙广场,12392,30.00%,3.5,"云龙/万达广场/和平大道,庆丰路"
天骄世家(商住楼),13345,30.00%,2.7,鼓楼/四道街/环城路173号
万科橙郡,11520,30.00%,3.5,鼓楼/九里/平山路
西苑民安园,11357,30.00%,,泉山/西苑/西苑中路
怡和小区,9500,30.00%,1.6,鼓楼/堤北/黄河北路64号
云西小区,12769,30.00%,,泉山/市二院/中山南路
玉潭花溪,9776,30.00%,3.6,鼓楼/九里/九里山西路
财富城,5118,30.00%,,丰县/城区/人民路
东城嘉苑,3750,30.00%,1.2,邳州/邳州市区/邳新路4号
东兴新苑,4981,30.00%,2,邳州/邳州市区/民主路139号
风华园,11388,30.00%,,"泉山/矿业大学/三环南路,近解放南路"
铜山万达广场,10014,30.00%,3.5,铜山/铜山万达/北京北路19号
刘湾小区(北区),5483,30.00%,,鼓楼/下淀/海鸥路
绿地工润和平壹号(一期),14507,30.00%,,"云龙/万达广场/民富路,近汉源大道"
美的公园天下,11140,30.00%,2.8,泉山/火花/卧牛山路
星科印象,8852,30.00%,1.59,睢宁/城区/中央大街
新府园,2612,30.00%,1.29,睢宁/城区/岚山线
万邦盛世嘉园,6940,30.00%,2,邳州/邳州市区/瑞兴北路
蟠桃花园佟村社区,5407,30.00%,1.4,"金山桥开发区/泰隆商业街/长安大道,近广德路"
蟠桃花园九期,5522,30.00%,1.4,"金山桥开发区/泰隆商业街/振兴大道,近广德路东支路"
蟠桃花园可恋庄社区,5427,30.00%,1.4,金山桥开发区/泰隆商业街/杨山路
蟠桃花园三里桥社区,5219,30.00%,1.4,金山桥开发区/泰隆商业街/杨山路
奥都花园(东区),7430,30.00%,1.25,"新城区/奥体中心/紫金路,近新元大道"
龙城国际,6445,30.00%,2.49,沛县/沛县市区/汉源大道
金色年华,13322,30.00%,2.8,"金山桥开发区/高铁站/振兴大道,近徐海路"
华鑫公寓,5544,30.00%,,邳州/邳州市区/天山北路
黄山花园,10116,30.00%,1.2,"云龙/万达广场/黄山大道,近黄山路"
汉锦城,9420,30.00%,2.9,新沂/新沂市区/南京路59号
银河星城星天地,7581,30.00%,1.8,睢宁/城区/人民西路258号
壹品城邦,5889,30.00%,1.3,丰县/城区/解放东路
合和百富城,1034,30.00%,3,新沂/新沂市区/黄沭路
国信金澜世家,3910,30.00%,1.49,新沂/新沂市区/黄沭路
海尔滟澜公馆,20015,30.00%,2.5,泉山/段庄广场/矿山路
汉城国际花苑,6652,30.00%,2.9,沛县/沛县市区/汉城路
汉爵御苑,6470,30.00%,1.8,沛县/沛县市区/红光路
国鸿香樟苑,5619,30.00%,3,沛县/沛县市区/正阳大道
水岸城邦,5884,30.00%,1.95,"睢宁/城区/青年路,近睢河路"
汉源国际华城(别墅),14576,30.00%,1.35,新城区/新市政府/钱塘路1号
源宏公馆,6222,30.00%,2.8,邳州/邳州市区/拢海大道
山水华美(别墅),20092,30.00%,2.2,泉山/风华园/风华南路6号
御源景城,8802,30.00%,1.25,"铜山/铜山万达/黄河西路,近嵩山路"
帝壹城,7150,30.00%,2.5,睢宁/城区/东升街8号
城市花苑(南区),7545,30.00%,,新沂/新沂市区/新华路50号
彩虹公寓,7230,30.00%,1.2,睢宁/城区/元府西路188号
银河星城一期,7333,30.00%,1.8,睢宁/城区/人民路
银河星城金星苑,6965,30.00%,1.8,睢宁/城区/睢河路
中和龙郡,5509,30.00%,1.6,丰县/城区/解放路
中央公园,6000,30.00%,3,新沂/新沂市区/市府路77号
紫金花城,6250,30.00%,1.5,睢宁/城区/人民中路
盛世孔雀城,12702,30.00%,1.5,云龙/食品城/经七路
盛世孔雀城(别墅),12028,30.00%,1.5,云龙/食品城/经七路
德客城,6849,30.00%,2.1,贾汪/新夏路口/山水大道
云龙山庄,14775,30.00%,1.19,泉山/湖滨小区/湖东路
阳光佳苑,6574,30.00%,2.37,丰县/城区/南环路
中能科技园,14949,30.00%,1.9,泉山/泉山美墅/三环南路35号
云龙华府(南区),16788,30.00%,1.8,"云龙/万达广场/经一路,近纬一路"
阳光凯旋城,9026,30.00%,2.1,新沂/新沂市区/新华路22号
银座东城丽景,16686,30.00%,2,"云龙/万达广场/德政路,近和平大道"
香榭丽花园,17303,30.00%,2.7,鼓楼/彭城广场/复兴北路
旺田人家居住小区,4125,30.00%,2,贾汪/青山泉镇/团结路
万科淮海天地,16851,30.00%,3,泉山/段庄广场/新淮海西路
万科美的璞悦山,15653,30.00%,2.2,"云龙/万达广场/和平大道,近龙湖北路"
博士苑,3753,30.00%,,邳州/邳州市区/青年东路101号
荣盛花语城,11519,30.00%,2.8,泉山/交通银行/三环南路
沈场警苑,9260,30.00%,1.2,鼓楼/堤北/黄河北路
国泰菁华逸景,11647,30.00%,2.42,泉山/矿业大学/姚庄路
华美半山雅居,8877,30.00%,2.44,鼓楼/九里/汉城东路
利民花园,4956,30.00%,1.73,新沂/新沂市区/郯新路
华商清水湾C区,13008,30.00%,1.6,鼓楼/祥和路/清水路
黄桥花园,2900,30.00%,2.99,铜山/铜山万达/553乡道
风尚自由城,15926,31.00%,2.9,鼓楼/九龙湖/中山北路225号
奎园新居北区,10612,31.00%,,泉山/奎园西门/奎淮路
欣欣家园,11324,31.00%,2.2,"泉山/风华园/欣欣路,近北京路"
汉源国际华城,14085,31.00%,1.2,新城区/大龙湖/钱塘路1号
蓝山公寓,5200,31.00%,2.39,鼓楼/响山路/大庆路55号
一品名郡,2272,31.00%,1.69,铜山/铜山新区/郑马路
翡翠星座,15909,31.00%,1.5,泉山/四院/奎山路
泰信81公馆,8016,31.00%,1.9,睢宁/城区/八一路81号
东方名都,7793,31.00%,11.14,鼓楼/金山桥/蟠桃山路16号
海峡湖尚城(别墅),7728,31.00%,1.2,"贾汪/新夏路口/206国道,303县道"
大鹏花园小区,11109,31.00%,2.9,鼓楼/下淀/下淀路
恒华新都汇,7510,31.00%,2.58,睢宁/城区/中央大街
东方明都,7851,31.00%,,鼓楼/金山桥/蟠桃山路16号
维京公馆,6900,31.00%,0.99,泉山/矿业大学/迎宾大道
万悦城,17266,31.00%,1.05,泉山/云龙湖风景区/三环南路299号
大鹏小区,10387,31.00%,2.9,鼓楼/下淀/马场湖西路
天瑞华府,13253,31.00%,2.5,泉山/西苑/二环西路148号
中铁人才家园,16223,32.00%,,新城区/人才家园/昆仑大道
宏宇新岸线,12835,32.00%,2.8,泉山/黄河南路/黄河南路
新华阳光花园,10605,32.00%,1.46,泉山/矿业大学/三环南路6-1号
东方美地一期,12526,32.00%,1.47,云龙/民富园/民祥园路
香溪左岸(南区),16292,32.00%,1.8,云龙/尚仕名邸/和平大道
楚岳山庄,10468,32.00%,1.6,云龙/黄山新村/城东大道
新锐领地,12120,32.00%,2.1,云龙/世茂广场/郭庄路
财富湾,12506,32.00%,2.99,"铜山/铜山新区/彭祖路,近北京南路"
金色雅筑,15954,32.00%,1.9,"云龙/民营工业园/郭庄路,近云苑路"
奥体清华苑,8184,32.00%,1.91,睢宁/城区/天虹大道
祥和时代家园,11438,32.00%,1.4,鼓楼/祥和小区/祥和东街
西城晶华,10564,32.00%,1.65,泉山/火花/大彭路
中欧尚郡,14718,32.00%,0.51,鼓楼/金山桥/徐丰公路6号
温州商城,4722,32.00%,2.1,新沂/新沂市区/南京路45号
东方美地二期,13799,32.00%,1.47,云龙/万达广场/民祥园路
时代家园,2600,32.00%,1.4,沛县/沛县市区/253省道
香溪左岸(北区),18064,32.00%,1.8,云龙/万达广场/云祥路
蓝庭国际(别墅),5521,32.00%,1.59,贾汪/新夏路口/山水大道
丰惠华丽家族(南区),1739,32.00%,2.16,新沂/新沂市区/人民路98号
东方美地三期,13280,32.00%,1.47,云龙/万达广场/民祥园路
富安平果郡,6107,32.00%,2.3,丰县/城区/中阳大道
大儒世家,7160,33.10%,2.18,"睢宁/城区/人民西路,近晋陵北路"
如意家园,10646,33.00%,1.2,云龙/食品城/欣欣路
永旭金色阳光,13526,33.00%,1.49,鼓楼/鼓楼广场/二环北路206号
华辰丽景,12567,33.00%,3,泉山/西苑/矿山路22号
开元四季,12800,33.00%,1.47,泉山/开元四季/开元路
科苑小区,10228,33.00%,,泉山/矿业大学/金山东路
水榭春天,11689,33.00%,2.9,泉山/段庄广场/矿山路
提香湾,16395,33.00%,1.8,"云龙/尚仕名邸/和平大道,近云苑路"
开元云龙谷(别墅),16196,33.00%,1.9,泉山/开元四季/开元路
汉襄佳苑,9541,33.00%,1.3,鼓楼/九里/平山北路
御墅湾,16545,33.00%,1,新城区/大龙湖/天目路
开元麓郡,12659,33.00%,1.47,泉山/开元四季/开元路
港鑫城,12192,33.00%,3.09,铜山/铜山新区/北京路12号
金顶世贸城北区,7572,33.00%,2.2,睢宁/城区/东升街
桂林国际,6460,33.00%,2,睢宁/城区/青年路
金贝庄园(别墅),12296,33.00%,1.47,金山桥开发区/高铁站/杨山路
提香湾(别墅),19552,33.00%,,"云龙/万达广场/和平大道,近云苑路"
富贵第一城,6193,33.00%,2.3,邳州/邳州市区/恒山北路
阳光帝景城(南区),9852,33.00%,2,新沂/新沂市区/新安路
尚士名邸(南区),16160,34.00%,1.8,云龙/尚仕名邸/和平大道
旺旺家缘,10237,34.00%,1.62,金山桥开发区/泰隆商业街/杨山路9号
乾通国际,6222,34.00%,1.1,邳州/邳州市区/长江路
辰华丽都苑,6619,34.00%,2.6,新沂/新沂市区/钟吾路19号
天山绿洲三期A区,16966,35.00%,2,泉山/儿童医院/淮海西路268号
城置国际花园城(南区),12335,35.00%,2.73,"金山桥开发区/金龙湖/长安大道,近城置商业街"
文泰康城,11318,35.00%,2.3,铜山/铜山万达/上海路117号
文华美景,11257,35.00%,2.4,铜山/铜山新区/南京路西街近同昌西路
君廷湖畔,14873,35.00%,2,"金山桥开发区/金龙湖/徐海路,近龙湖西路"
日成奥运城,11906,35.00%,1.88,云龙/九七医院/康怡大道5号
润金城,15972,35.00%,1.9,云龙/绿地世纪城/经一路
雍景新城一期(西区),15166,35.00%,1.26,新城区/大龙湖/丽水路
鑫苑景园,15487,35.00%,2,泉山/鑫苑景园/矿山路
海峡东南郡东区,13423,35.00%,1.8,泉山/矿业大学/欣欣路
彭城大院,9818,35.00%,1.5,泉山/奎园西门/迎宾大道10号
凤凰花园,10157,35.00%,1.25,"铜山/铜山新区/华山路,近珠江西路"
海峡曼乔世家,15498,35.00%,2,泉山/鑫苑景园/水漫桥路
矿南小区(东区),11655,35.00%,,泉山/段庄广场/二环西路
书香苑,7194,35.00%,1.2,睢宁/城区/新市街
苏堤南村,10309,35.00%,,泉山/永安广场财经学校/建国西路
南山庭院,12089,35.00%,1.39,"泉山/风华园/翟南路,近上海路"
段南新村(纺西社区),11611,35.00%,,泉山/段庄广场/段南路
宏宇金色里程,13677,35.00%,2,鼓楼/古彭广场/铜沛路
苏堤北村,11201,35.00%,1.3,泉山/淮西新一街/苏堤南路
煌庭棕榈湾,13623,35.00%,2.6,鼓楼/荆马河/奔腾大道
南洋国际,10521,35.00%,2.5,铜山/铜山万达/长江路1号
九里岭秀,10596,35.00%,1.5,鼓楼/东站/汉城东路
永新人家,9081,35.00%,1.7,"铜山/国基城邦/黄河西路,近华山路"
上院,12597,35.00%,1.4,泉山/风华园/风华南路4号
阳光豪庭,10088,35.00%,2,铜山/铜山新区/北京路109号
慧谷阳光花园,23140,35.00%,2.1,鼓楼/民主北路/民主北路58号
天悦华景,13231,35.00%,1.5,鼓楼/东站/观宇路1号
御苑,14438,35.00%,0.6,铜山/久隆凤凰城/彭祖路
绿地商务城书香苑(南区),16277,35.00%,1.92,新城区/绿地商务城/太行路
富仕名邸,10290,35.00%,,铜山/居乐园/圭山路15号
香江花城,6148,35.00%,1.8,沛县/沛县市区/东风西路
华美润园,13722,35.00%,1.31,泉山/湖滨小区/段南路
久地雅苑,3894,35.00%,1.63,贾汪/步行街/泉涯路
协鑫鑫尚,13151,35.00%,1.5,泉山/泉山森林公园/三环南路
万裕风情园,16111,35.00%,0.7,泉山/四院/解放南路300号
汉源国际丽城,14145,35.00%,2,"新城区/商务城/镜泊东路,近汉源大道"
风格雅园,14420,35.00%,,鼓楼/荆马河/煤港路
鼓楼花园园中苑二期,11899,35.00%,1.5,鼓楼/荆马河/金马路
星湖湾,15139,35.00%,2.2,金山桥开发区/金龙湖/汉源大道
铜新小区,8018,35.00%,1.3,云龙/天桥东/铜山路
泰康红郡,14230,35.00%,1.09,"铜山/国基城邦/华山路,近黄河西路"
正德广场,15294,35.00%,2,泉山/风华园/风华南路
华美生态园(北区),13059,35.00%,1.23,"鼓楼/锦绣山水/金马路,近锦绣大道"
文沃小区,8690,35.00%,,铜山/铜山新区/上海路70号
金域华庭,21750,35.00%,2.2,泉山/大润发/建国西路
御景华庭(西区),6846,35.00%,1.25,"贾汪/世纪西路/世纪东路,近府佐路"
蓝溪花园,5215,35.00%,1.4,铜山/铜山新区/府前北街
子笑人家,10469,35.00%,1.25,鼓楼/祥和路/奔腾大道
澳东印象城,13467,35.00%,2.5,"泉山/矿业大学/欣欣路,近北京路"
御山雅苑,14991,35.00%,2,鼓楼/四道街/响山路
新都南城,9174,35.00%,2.25,铜山/铜山新区/彭祖路
康桥花园,2720,35.00%,1.86,贾汪/新夏路口/新夏路
吾悦华府,5490,35.00%,2.4,"贾汪/步行街/泉城路,近煤源路"
时代广场,9230,35.00%,5.25,云龙/师大北门/民主南路78号
SOHO时代广场,14137,35.00%,2.45,泉山/儿童医院/淮海西路270号
绿地商务城国际花都,16462,35.00%,1.92,新城区/青年路小学/昆仑大道2号
美珠家园,2575,35.00%,1.1,金山桥开发区/高铁站/203县道
书香华府,11986,35.00%,3,鼓楼/九里/黄河北路
天山绿洲二期,16765,35.00%,2,泉山/民主南路/光明西路
天山绿洲一期,16093,35.00%,2,泉山/段庄广场/矿山东路
市府雅苑,6087,35.00%,1.6,新沂/新沂市区/市府东路100号
文泰康城一期,11373,35.00%,2.3,"铜山/铜山新区/上海路,近学苑路"
文泰康城三期,11582,35.00%,2.3,"铜山/铜山新区/文中路,近上海路"
文泰康城二期,11277,35.00%,2.3,"铜山/文泰康城/上海路,近学苑路"
名仕秀水华庭,7272,35.00%,2.35,丰县/城区/中阳大道
润金御园,20183,35.00%,1.9,云龙/万达广场/民富路
绿地商务城翠庭,17032,35.00%,1.92,"新城区/奥体中心/太行路,近元和路"
绿地商务城中央公园(二期),16701,35.00%,1.92,"新城区/奥体中心/唐盛路,峨嵋路"
科倍尚城,6616,35.00%,2.09,新沂/其它/马陵山路
宏利达银河湾,8210,35.00%,1.6,邳州/邳州市区/瑞兴路
海峡东南郡西区,13570,35.00%,1.6,泉山/交通银行/欣欣路
绿地商务城香颂(别墅),32873,35.00%,1.92,新城区/绿地商务城/太行路
达信国际(别墅),6629,35.00%,1.25,"新沂/新沂市区/黄沭路,近大桥东路"
钟吾壹号,5727,35.00%,2.75,新沂/新沂市区/钟吾南路202号
幸福小区二期,3366,35.00%,2,睢宁/城区/幸福路
美的城(别墅),22060,35.00%,2.35,"金山桥开发区/金龙湖/金龙湖东支路,近振兴大道"
御龙山水(西区),5913,35.00%,1.28,"贾汪/新夏路口/府佐路,近泓福路"
雍景新城(别墅),16762,35.00%,1.26,新城区/新市政府/宋锦路
雍景新城二期,14902,35.00%,1.26,"新城区/新市政府/宋锦路,近丽水路"
雍景新城二期(别墅),16328,35.00%,1.26,新城区/新市政府/宋锦路
星湖湾(别墅),14623,35.00%,2.2,金山桥开发区/金龙湖/汉源大道
御水帝景城,6826,35.00%,2.1,丰县/城区/南苑东路
中央花园,6061,35.00%,1.3,邳州/邳州市区/建设中路38号
耀邦新世界花园,7117,35.00%,2,邳州/邳州市区/建设北路36号
万宁城市景苑,7243,35.00%,2.49,睢宁/城区/中山北路
爱伦堡,6967,35.00%,1.24,沛县/沛县市区/汉兴路
奥运星城,6302,35.00%,2.2,邳州/邳州市区/世纪大道
凤凰山安置小区(C区),6044,35.00%,,铜山/铜山万达/华山路
山语世家,15011,35.00%,2.5,"泉山/碧水湾/泉新路,近三环南路"
雍景新城一期(东区),15070,35.00%,1.26,"新城区/新市政府/汉风路,近丽水路"
金御祥苑(西区),8332,35.00%,1.5,邳州/邳州市区/珠江东路
公园北小区,9974,35.00%,1.3,泉山/市二院/王陵路2号
国基逸境,13302,36.00%,,铜山/国基城邦/大学路88号
祥和小区,9663,36.00%,,鼓楼/祥和路/祥和东街3号
翠湖新语,11077,36.00%,1.4,泉山/矿业大学/学府路
泉山森林海,11947,36.00%,0.83,"铜山/国基城邦/大学路,近玫瑰路"
锦绣滨湖(一二期),15149,36.00%,1.6,鼓楼/响山路/响山路
公园100,11866,36.00%,1.1,泉山/西苑/黄河南路108号
泉山美墅,16257,36.00%,1.32,"泉山/泉山美墅/三环南路,近嘉和路"
镇河小区,12324,36.00%,1.4,鼓楼/古彭广场/民主北路
香榭梧桐,7466,36.00%,1.8,睢宁/城区/天虹大道
南湖怡秀园,14440,36.00%,1.5,"泉山/南段风景区/金山东路,近鑫雅路"
加州玫瑰园(二期),10493,36.00%,1.07,铜山/国基城邦/华山北路
华美沁园,11561,36.00%,2.4,泉山/鑫苑景园/二环西路140号
泰山城市花园,5774,36.00%,2.27,泉山/风华园/金山东路
九里景秀,10589,36.00%,1.7,鼓楼/东站/汉城东路
金龙湖公馆,10001,36.00%,2.3,云龙/万达广场/龙湖西路
宝信润山,11979,36.00%,1.6,"铜山/铜山新区/黄河西路,近海河路"
金水湾,6695,36.00%,1.5,"铜山/铜山新区/珠江路,近经纬路"
徐矿集团华美东山怡园三期,8382,36.00%,1.5,鼓楼/金山桥/矿山路
巴黎都市,6655,36.00%,2.2,睢宁/城区/天虹大道
东方星座,10751,36.00%,2.14,鼓楼/金山桥/蟠桃山路
硕丰雅居,5972,36.00%,1.72,"铜山/铜山万达/棠马路,近纺织路"
新汉城,4878,36.00%,2.49,"沛县/沛县市区/正阳大道,近沛公路"
京杭家园,5765,36.00%,2,邳州/邳州市区/世纪大道2号
娇山府,11094,36.00%,1.2,"铜山/铜山新区/华山路,近凤湖路"
国基城邦,13789,36.00%,1.4,"铜山/国基城邦/大学路,近黄河西路"
雍福上城,7260,36.00%,2.26,邳州/邳州市区/福州路
成侯花园(A区),7488,36.00%,1.5,睢宁/城区/八一西路400号
国基城邦(别墅),14956,36.00%,,"铜山/铜山万达/大学路,近黄河西路"
观园(别墅),4883,36.00%,1.4,"邳州/邳州市区/建设南路,近新新公路"
国信金邸世家(别墅),9338,36.00%,1.25,"新沂/新沂市区/黄沭路,近大桥东路"
耀邦新世界花园(别墅),7595,36.00%,1.72,邳州/邳州市区/建设北路36号
维维龙湖湾(别墅),18571,36.00%,2.49,"新城区/新市政府/迎宾大道,近天目路"
名仕秀水华庭(别墅),7950,36.00%,1.32,"丰县/城区/南苑东路,近东城路"
泉山美墅(别墅),17567,36.00%,0.83,泉山/泉山美墅/三环南路
宝信润山(别墅),11920,36.00%,1.6,铜山/铜山万达/黄河西路
云龙湖悦府(别墅),12206,36.00%,1,云龙/国基城邦/大学路9号
世茂东都天观,13357,37.00%,1.56,云龙/世茂广场/郭庄路18号
美丽樵村,9425,37.00%,1.8,"铜山/檀香山/华山北路,近黄河路"
龙熙庄园,12666,37.00%,0.8,云龙/御景湾/迎宾大道
维维龙湖湾,13244,37.00%,1.4,"云龙/云龙周边/迎宾大道,近天目路"
万科美的璞悦山(别墅),18672,37.00%,1.4,"云龙/万达广场/和平大道,近龙湖北路"
金帝花苑,5535,37.00%,1.45,睢宁/城区/前进路9号
印象珠江,8014,37.00%,2.4,邳州/邳州市区/珠江东路
翡翠城,11952,38.00%,1.8,泉山/贵邦财富大厦/欣欣路9号
万豪绿城,11354,38.00%,1.5,"金山桥开发区/泰隆商业街/广德路,近振兴大道"
美的城,15001,38.00%,1.98,"金山桥开发区/金龙湖/金龙湖东支路,近振兴大道"
银郡花园,15346,38.00%,1.8,鼓楼/四道街/煤港路51号
水景嘉苑,10604,38.00%,0.8,"铜山/铜山万达/昆仑路,近珠江路"
凤鸣小区,11206,38.00%,,泉山/康居小区/凤台路
凤凰山康居家园,11803,38.00%,,泉山/康居小区/凤鸣路
金润嘉园,12698,38.00%,1.05,云龙/九七医院/响山路
金御蓝湖,9917,38.00%,1.34,邳州/邳州市区/长江路
金山福地二期,11975,38.00%,2,"金山桥开发区/高铁站/徐海路,近鑫城路"
华西格林春天西区,5937,38.00%,1.25,沛县/沛县市区/沛公路
国信君邑,20652,38.00%,0.46,新城区/新市政府/丽水路
国基逸境(别墅),13219,38.00%,1,铜山/铜山万达/大学路88号
绿地商务城公园首府(别墅),29276,38.00%,1.98,新城区/奥体中心/元和路
国信上城学府,13914,38.00%,,新城区/新市政府/民生路
国信金邸世家,1204,38.00%,1,"新沂/新沂市区/黄沭路,近大桥东路"
碧桂雅园,8116,38.00%,2,睢宁/城区/睢河路30号
恒嘉郡望花园(北区),13695,39.00%,1.05,"鼓楼/锦绣山水/金马路,华美四巷"
华美生态园(南区),13497,39.00%,1.26,"鼓楼/荆马河/奔腾大道,近锦绣大道"
翠湖御景南区,26925,39.00%,2.69,泉山/云龙湖风景区/湖北路
关庄小区,14041,39.00%,2.69,泉山/滨湖新天地少华街/湖北路
正德君城,15506,39.00%,1.7,云龙/万达广场/民祥园路，近和平大道
中茵龙湖国际,13819,39.00%,,新城区/大龙湖/迎宾大道
月星公馆,13241,39.00%,4,"金山桥开发区/金龙湖/长安大道,近徐海路"
万达华府,13521,39.00%,2.3,铜山/铜山万达/北京路，近学府路
豪绅嘉苑(别墅),12861,39.00%,1.05,鼓楼/九里/观宇路2号
中茵龙湖国际家苑,13661,39.00%,2.1,云龙/食品城/洞庭湖路
中茵龙湖国际家苑(别墅),18276,39.00%,2.1,新城区/新市政府/洞庭湖路
弘基上城,7263,39.00%,2.2,睢宁/城区/天虹南路5号
紫金奥玲花园,14623,39.00%,1.65,新城区/奥体中心/紫金路
中央华府,7464,39.00%,,睢宁/城区/人民路
北景园,7988,39.00%,1.81,睢宁/城区/人民西路28号
鑫苑景城,16461,39.00%,1.9,泉山/西苑/矿山路
翠湖御景北区,19524,39.00%,2.69,泉山/市二院/煤建路
绿地世纪城(南区),14284,40.00%,1.5,云龙/绿地世纪城/汉景大道29号
东方帝景城,8487,40.00%,1.56,邳州/邳州市区/长江路
阿尔卡迪亚(A区),20109,40.00%,2.24,泉山/云龙湖风景区/二环西路43号
山水华美,14587,40.00%,1.3,泉山/风华园/风华南路6号
汉泉山庄,19593,40.00%,0.45,铜山/檀香山/黄河西路
和园爱家,11603,40.00%,1.67,鼓楼/鼓楼广场/二环北路
华厦枫林绿洲,12110,40.00%,1.5,泉山/鑫苑景园/矿山西路30号
嘉慧园,11020,40.00%,1.1,铜山/铜山万达/圭山路7号
九里峰景(B区),14115,40.00%,2,鼓楼/东站/二环北路
滨湖花园三期,25714,40.00%,2,泉山/南段风景区/湖北路
居乐园,9574,40.00%,2.59,铜山/铜山新区/圭山路4号
中国铁建原香漫谷,18296,40.00%,1.8,云龙/云龙周边/太行路
保利鑫城,14707,40.00%,2.2,"贾汪/新夏路口/汉源大道,近徐海路"
绿地泊林公馆(北区),18824,40.00%,1.8,云龙/御景湾/彭祖大道
香槟城,11986,40.00%,2.4,鼓楼/下淀/下淀路
和平上东润园,15612,40.00%,2.2,"云龙/万达广场/汉源大道,近和平路"
春泽园,10907,40.00%,1.5,鼓楼/堤北/堤北路1号
山水康桥,15115,40.00%,2.2,云龙/九七医院/响山南路
纺织小区,11044,40.00%,3,泉山/建国西路/明珠路
山南小镇(A区),12524,40.00%,2.7,鼓楼/荆马河/中山北路269号
文华园,12108,40.00%,2.5,"泉山/易初爱莲/金山东路,近文化路"
金山晓月,12284,40.00%,,"金山桥开发区/碧螺山庄/杨山路,近龙潭环路"
湖滨嘉苑,15763,40.00%,3,泉山/湖滨小区/湖滨路
左岸人家,7257,40.00%,1.5,丰县/城区/河滨路
传世经典(一期),5788,40.00%,1.25,"贾汪/世纪西路/世纪东路,近大泉路"
蓝柏湾,12076,40.00%,1.35,铜山/文泰康城/风华南路
怡美家园(1期),12887,40.00%,2.97,鼓楼/鼓楼广场/惠工西路
紫运花园,8471,40.00%,1.35,铜山/檀香山/301国道
中环广场,16078,40.00%,2.69,鼓楼/堤北/环城路
巴厘豪庭,5000,40.00%,0.6,睢宁/城区/钢铁西路
风景翰苑,5887,40.00%,2.7,新沂/新沂市区/北京路
绿地之窗三期,12856,40.00%,3,"金山桥开发区/高铁站/站南路,近鸿运路"
星河花园,6680,40.00%,1.2,睢宁/城区/天虹大道
徐州人家响山西区,12528,40.00%,1.49,"鼓楼/下淀/响山路,近蓝天大街"
宁江新北城,4212,40.00%,1.2,睢宁/城区/天虹大道
绿地之窗二期国际花都,13417,40.00%,3,金山桥开发区/高铁站/玉湖路
绿地世纪城三期,15229,40.00%,1.52,云龙/万达广场/庆丰路
绿地世纪城四期,9633,40.00%,1.52,云龙/万达广场/汉景大道
绿地世纪城(商住楼),10921,40.00%,1.52,云龙/万达广场/庆丰路
湖光丽景小区,7221,40.00%,1.2,邳州/邳州市区/南京路
高铁时代广场,7688,40.00%,4,"金山桥开发区/城置国际花园/龙湖西路,近徐海路"
观园,4008,40.00%,1.2,"邳州/邳州市区/建设南路,近新新公寓"
宏基阳光尚城小区,8161,40.00%,1.89,邳州/邳州市区/长江路
和平上东翰园,15411,40.00%,2.2,云龙/万达广场/和平路
南城上品,7393,40.00%,1.79,睢宁/城区/文学南路
天润苑,6512,40.00%,,新沂/新沂市区/钟吾路
开元麓郡(别墅),14394,40.00%,1.35,泉山/火花/开元路
蓝柏湾(别墅),12300,40.00%,1.35,铜山/铜山万达/风华南路
凤凰花园(别墅),14602,40.00%,1.2,"铜山/铜山万达/华山路,近珠江西路"
中凯龙湖领墅,10276,40.00%,1.35,邳州/邳州市区/扬州路
月星环球商业中心二期,9147,40.00%,3.1,金山桥开发区/高铁站/徐海路
泉山森林海(别墅),12204,40.00%,1.3,铜山/铜山万达/大学路
嘉慧园(别墅),10589,40.00%,0.5,铜山/铜山万达/圭山路7号
御林华府,12451,40.00%,1.6,鼓楼/九里/机场路110号
嘉利佳苑,6989,40.00%,1,邳州/邳州市区/丰华街
玺悦龙城,15467,40.00%,2,金山桥开发区/高铁站/龙湖西路29号
万福世家,13976,40.00%,1.5,新城区/新市政府/明正路
国金时代,18758,41.00%,2.7,鼓楼/民主北路/黄河西路3号
飞翔滨河名城,7158,41.00%,1.59,睢宁/城区/元府西路
御景湾紫海棠街区,13312,42.00%,1.2,泉山/交通银行/海棠路
风尚米兰,20315,42.00%,2.3,鼓楼/庆云桥西/中山北路254号
滨湖城市花园,15834,42.00%,3,鼓楼/堤北/煤港路18号
绿地世纪城五期,12567,42.00%,1.8,云龙/云龙华府/庆丰路
协丰森林湾,12236,42.00%,1.5,"金山桥开发区/碧螺山庄/杨山路,近龙潭环路"
久隆澜桥,12481,42.00%,1.79,"铜山/铜山新区/彭祖路,近嵩山路"
森林湾,12729,42.00%,1.49,鼓楼/金山桥/杨山路
馨宁雅居,6435,42.00%,2,邳州/邳州市区/南京路
阿尔卡迪亚文承苑,7838,44.00%,2.48,邳州/邳州市区/兴国路
瑞盛御景龙湾,6743,44.00%,1.99,沛县/沛县市区/樊哙路
民祥园,11295,45.00%,,"云龙/绿地世纪城/德政路,近汉景大道"
汉府雅园,10939,45.00%,1.07,铜山/铜山万达/北京北路69号
华厦水云间一期,10934,45.00%,1.2,鼓楼/锦绣山水/奔腾大道
东方明珠,14266,45.00%,1.3,"云龙/绿地世纪城/郭庄路,近民祥园路"
枫林天下一期,13299,45.00%,1.21,"铜山/铜山新区/大学路,近玫瑰路"
华厦水云间二期,10998,45.00%,1.2,鼓楼/锦绣山水/奔腾大道
春江花城,6814,45.00%,1.7,睢宁/城区/八一西路79号
玉水花城,10218,45.00%,0.55,邳州/邳州市区/三汊河路
好来花园,12608,45.00%,,云龙/沃尔玛/共建路4号
恒嘉郡望花园(北区别墅),15110,45.00%,1.4,"鼓楼/锦绣山水/金马路,华美四巷"
枫林天下一期(别墅),11456,45.00%,1.21,铜山/铜山万达/大学路
阳光康桥,5815,45.00%,1.2,丰县/城区/南苑东路
润和园,13324,46.00%,1.3,鼓楼/堤北/二环北路
森活绿郡,13493,46.00%,,泉山/泉山美墅/三环南路
汉邦景城,5958,46.00%,2.47,沛县/沛县市区/汉邦路
金洋紫金东郡(南区),16345,48.00%,2.1,"云龙/万达广场/纬二路,近经一路"
天泰茗仕豪庭,8324,48.00%,1.2,邳州/邳州市区/城山路
景庭,6200,48.00%,1.89,邳州/邳州市区/城山路
金洋紫金东郡(北区),16549,48.00%,,"云龙/万达广场/经一路,近纬一路"
国信龙湖世家,15253,50.00%,1.5,新城区/大龙湖/宋锦路
小康人家,14131,50.00%,,泉山/小康人家/工农北路1号
美的翰城,17555,50.00%,,"新城区/青年路小学/昆仑大道,近明正路"
万宁华府,19911,50.00%,3,泉山/市二院/苏堤南路99号
半山别墅,23523,50.00%,,泉山/奎园西门/凤鸣路30号
汉城小区,8603,50.00%,,鼓楼/汉城/汉城东路
久隆紫园,11994,50.00%,0.3,铜山/铜山新区/彭祖路
富丽园,10588,50.00%,,泉山/大润发/吴庄路
滨湖花园(东区),24739,50.00%,2,泉山/湖滨小区/湖北路81号
富丽花园(吴庄路),14886,50.00%,,泉山/市二院/吴庄路
塔北小区,9142,50.00%,3,泉山/凤鸣路/解放南路
龙润山庄,22253,51.00%,0.51,泉山/南段风景区/金山东路35号
龙栖翠屏(别墅),5522,51.00%,0.51,"贾汪/世纪西路/新华路,近将军大街"
万和佳苑,9489,54.00%,2,"铜山/居乐园/长江路,近嵩山路"
金贝庄园,12305,55.00%,0.8,金山桥开发区/碧螺山庄/杨山路
汇龙国际花园(别墅),10739,55.00%,0.8,"邳州/邳州市区/解放东路,近中山路"
国泰品山名邸,14440,57.00%,2.1,云龙/九七医院/响山路1号
龙泉花园,19516,60.00%,,泉山/南段风景区/云泉路
太阳花园,29450,60.00%,0.33,"泉山/开元四季/湖西路,近三环南路"
恒龙依山龙郡,13009,60.00%,0.87,铜山/国基城邦/黄河西路
城投御园,6827,60.00%,3,沛县/沛县市区/正阳大道
宜家庭院,17311,60.00%,0.5,泉山/四院/凤台路9号
爱伦堡(别墅),9688,60.00%,1.79,沛县/沛县市区/汉兴路
达信国际,5687,60.00%,1.79,新沂/新沂市区/黄沭路3号
久隆凤凰城,11178,61.00%,0.35,"铜山/久隆凤凰城/彭祖路,近华山北路"
久隆凤凰城(别墅),15971,61.00%,0.35,铜山/铜山万达/彭祖路
霖雨山庄,12808,70.00%,0.5,金山桥开发区/碧螺山庄/杨山路9号
湖森堡,13821,70.00%,0.4,铜山/国基城邦/玉带路
御翠苑别墅小区,10000,,,铜山/铜山新区/彭祖路
民富园小区,10946,,,"云龙/民富园/汉景大道,近德政北路"
民怡园,11093,,2,云龙/绿地世纪城/汉景大道
骆驼山康馨园B区,12206,,,云龙/绿地世纪城/郭庄路
绿地之窗四期,12827,,,"贾汪/新夏路口/站南路,近鸿畅路"
阳光花园,12303,,,云龙/郭庄路/郭庄路
望城花园,9304,,,"铜山/铜山新区/大学路,近汉望线"
金泰小区一期,11191,,,泉山/南段风景区/泰山路，近三环南路
铁刹小区,9496,,,云龙/天桥东/响山南路
富丽花园,14918,,,泉山/大润发/明珠路
永业小区,12318,,,泉山/云龙湖风景区/欧庄路168号
徐州人家响山中区,11059,,,鼓楼/响山路/响山路
康乐园,10201,,,铜山/铜山万达/长江西路22号
泰山汇景花园,10998,,,泉山/猴山窝/金山东路15号
泰山嘉园,14331,,,"泉山/矿业大学/金山东路,近学城路"
公园小区,14686,,,云龙/青年路/青年路141号
孟庄公寓,11000,,,泉山/风华园/金山东路
沈场小区,8188,,,鼓楼/庆云桥西/黄河北路78号
下淀小区,8714,,,鼓楼/下淀/下淀路
荆南小区,10171,,,鼓楼/鼓楼花园/中山北路336号
民和园(北区),10152,,,"泉山/西苑/西苑中路,近民安路"
箐华园,11607,,,泉山/湖滨小区/工农南路
津东雅苑,12335,,,云龙/天桥东/津浦东路
铁路3宿舍,10000,,,云龙/丰储街/和平路
和风雅致小区,12766,,,鼓楼/和风雅致/祥和路
吴庄花园,12253,,,"泉山/大润发/明珠路,近吴庄路"
子房美景花园,11037,,,云龙/火车站/响山路
大学城,10750,,,泉山/矿业大学/大学城西路
弘润园,11740,,,泉山/风华园/三环南路，近风华南路
梅苑小区,14099,,,泉山/大润发/煤建路
君悦园,14371,,,云龙/郭庄路/郭庄路155号
古槐园一期,10202,,,云龙/天桥东/铜山路
丰财小区,10017,,,鼓楼/四道街/环城路8号
华康园小区,11405,,,鼓楼/和风雅致/祥和路11号
建国小区,10687,,,云龙/戏马台/兴隆街
永嘉花园,11159,,,鼓楼/堤北/煤港路6414号
金山花园,10873,,,"泉山/碧水湾/泰山路,近三环南路"
民健园,10982,,,泉山/段庄广场/黄河南路119号
新生里供电小区,10618,,,云龙/沃尔玛/黄河西路
侯山窝,10019,,,泉山/猴山窝/解放南路
艺君花园(东区),9204,,,泉山/西苑/黄河南路
静博园小区,10118,,,泉山/大润发/建国西路
惠工小区,9578,,,鼓楼/鼓楼广场/风尚路
金苑小区(北院),10045,,,"鼓楼/金山桥/龙潭路,近金苑路"
西苑人家,10119,,,"鼓楼/东站/三环西路,近黄河北路"
俊苑小区,10037,,,泉山/湖滨小区/工农南路101号
恒天花苑,13766,,,泉山/凤鸣路/奎山中街
湖畔花苑,12608,,,鼓楼/鼓楼广场/马场湖西路
怡和公寓(泉山),9883,,,泉山/段庄广场/煤建一街30号
积翠新村,10285,,,泉山/四院/泰山路
黄河丽景花园,13550,,,泉山/天山绿洲/苏堤北路60号
莲花小区,10809,,,云龙/师大北门/莲花井巷
工程小区,11110,,,泉山/段庄广场/苏堤路84号
竹园小区,9654,,,铜山/铜山新区/长江西路16号
新华世纪嘉园,7980,,,邳州/邳州市区/闽江东路
泰和人家,11803,,,泉山/泉山森林公园/金山东路9号
西余窑,10335,,,泉山/云龙公园西/西安南路124-1号
华润花园,11923,,,泉山/合群桥/黄河南路126号
水苑长桥,12081,,,鼓楼/九龙湖/二环北路185号
狮南小区,7329,,,"云龙/郭庄路/三环路,近郭庄路"
怡园小区,10690,,,泉山/奎园西门/奎南路1号
丹桂园小区,10106,,,泉山/矿业大学/金山东路18号
和平新村,11031,,,泉山/淮海西路/事业巷
事业小区,11998,,,泉山/淮海西路/事业巷
煤建西村,11805,,,泉山/大福源/煤建西路15号
永安小区,11904,,,泉山/永安广场财经学校/建国西路
矿南公寓,9266,,,"泉山/泉山森林公园/三环南路,近长安路"
坝子街小区,10719,,,鼓楼/富源国际/黄河北路6号
都市家园,11562,,,泉山/淮海西路/淮海西路149号
橙黄时代山水丽庭,10897,,,泉山/四院/奎山路
王场新村,8914,,,鼓楼/祥和小区/煤港路
嘉和雅苑,17778,,,泉山/大润发/纺织东路
刘场小区,12398,,,泉山/湖滨小区/湖北路84号
民康园小区,9440,,,泉山/西苑/水漫桥路6号
金奎小区,10219,,,"泉山/凤鸣路/淮塔东路,近奎河西路"
雁山小区,10953,,,泉山/淮西客运站/淮海西路
万通小区,10516,,,泉山/段庄广场/新淮海西路
畔苑小区,11316,,,鼓楼/庆云桥西/苏堤北路98号
民主小区,19711,,,鼓楼/1818美食/夹河东路2-3号
盛世佳园,12096,,,"泉山/泉山美墅/三环南路,近泰山路"
东华小区,10140,,,鼓楼/富源国际/坝子街
四季雅园,13810,,,云龙/绿地世纪城/郭庄路
中北小区,10257,,,鼓楼/和风雅致/中山北路
新都家园,8606,,,"铜山/铜山新区/长江西路,近乐山路"
人民家园,11496,,,泉山/大福源/建国西路
刘场世纪花园,12486,,,泉山/湖滨小区/湖北路
公安小区,10333,,,泉山/泉山森林公园/大学城西路，近金山东路
薇园小区东院,13216,,,泉山/淮西新一街/淮海西路248号
万里巷小区,10895,,,泉山/永安广场财经学校/西安南路
公园西村,10992,,,泉山/永安广场财经学校/苏堤路
兴隆花园一期,9889,,,鼓楼/煤港路/煤港路
建西小区,10783,,,泉山/四院/泰山路28号
民和小区,11956,,,云龙/沃尔玛/民和路3号
倒马井,11220,,,泉山/彭城广场/明理街1号
锦绣园,14686,,,泉山/夹河街东/黄河南路42号
福水小区,11147,,,泉山/香港名店街/少华街10号
地藏里小区,9792,,,鼓楼/大马路/黄河东路
鑫泰花园,10327,,,泉山/猴山窝/金山东路
金奎果苑,12869,,,泉山/凤鸣路/奎山中街
津埔花园,10157,,,云龙/汽车客运总站/复兴南路
袁桥小区,8864,,,云龙/沃尔玛/迎宾路
千禧龙花园,10488,,,鼓楼/庆云桥西/黄河北路166号
铜电家园,19088,,,泉山/四院/奎山路
风华园(东区)(泉山区),11280,,,泉山/风华园/解放南路
琵琶花园南区,10794,,,鼓楼/荆马河/沈孟路
港北小区,9932,,,鼓楼/九龙湖/中山北路286号
凤凰山物华家园,17212,,,泉山/四院/凤台路7号
一栋洋房,16262,,,泉山/四院/凤台路12号
香都家园,10549,,,鼓楼/堤北/煤港路50号
下洪小区,9795,,,云龙/天桥东/复兴南路
恒艺公路花园,10528,,,铜山/铜山万达/上海路72号
新城花园,6227,,,丰县/城区/经一路
聚福园,7941,,,铜山/铜山万达/上海路
金泰馨雅园,14738,,,泉山/南段风景区/金山东路
顺河南,9109,,,云龙/汽车客运总站/复兴南路
栖凤花园,9986,,,泉山/奎园西门/解放南路
颐泰嘉园,10090,,,泉山/矿业大学/迎宾大道12号
干休小区,8850,,,铜山/铜山万达/学苑路20号
福苑花园,12885,,,云龙/万达广场/民祥园路
拉菲尔大街,8258,,,铜山/铜山新区/衡山路
和平小区,10451,,,邳州/邳州市区/建设中路4号
石榴园,8125,,,"铜山/铜山新区/长江西路,近北京路"
绿苑花园,10852,,,云龙/万达广场/和平大道
新建北村,9193,,,鼓楼/堤北/复兴北路
朱庄小区(南区),8836,,,鼓楼/堤北/煤港路
吴庄报社小区,11875,,,泉山/大润发/煤建路
芙蓉园,14236,,,"铜山/文泰康城/风华南路,近嘉美路"
北坝山小区,8715,,,云龙/黄山新村/城东大道
苏堤小区,10561,,,泉山/合群桥/黄河北路22号
小北门公寓,11458,,,泉山/黄河南路/光明东路
建工小区,11145,,,泉山/大福源/建国西路133号
榴园小区,10174,,,泉山/小康人家/淮海西路293号
久隆小区,10649,,,鼓楼/堤北/二环北路
梨园小区,10050,,,泉山/矿业大学/迎宾大道16号
段庄新村,11343,,,泉山/段庄广场/淮海西路334号
客运宿舍(云龙),9440,,,"云龙/丰储街/黄河西路,近迎宾路"
嘉铭苑,10909,,,泉山/天山绿洲/苏堤北路
广电宿舍楼,10080,,,铜山/铜山新区/学苑路1号
金财佳苑,11111,,,"泉山/碧水湾/泉新路,近三环南路"
世纪佳苑,9930,,,泉山/鑫苑景园/水漫桥路
金贸小区,10089,,,鼓楼/庆云桥西/黄河北路47号
雷奥公寓,9586,,,"铜山/铜山新区/北京北路,近淮河西路"
庆云西站小区,10258,,,鼓楼/庆云桥西/中山北路202号
玉潭佳苑,9310,,,鼓楼/九里/汉城路
兰园小区,9238,,,"铜山/铜山新区/上海路,近同昌西路"
前舜新村,9888,,,鼓楼/四道街/大坝头
少华小区,11391,,,泉山/香港名店街/少华街
华厦花园,10962,,,鼓楼/祥和路/祥和路
九龙湖公寓,12084,,,"鼓楼/鼓楼广场/九龙湖路,近天齐南路"
苏电公寓,10000,,,鼓楼/祥和路/祥和路4号
锦江豪庭,9650,,,泉山/彭城广场/博爱路
津浦东园,9381,,,云龙/楚王陵/津浦东路
民健小区,10339,,,"云龙/万达广场/东丰路,近假山南北路"
万通佳苑,11929,,,泉山/段庄广场/二环西路106号
千禧龙小区,10142,,,鼓楼/庆云桥西/黄河北路166号
普查小区,11803,,,泉山/段庄广场/煤建一街
中院小区,11386,,,泉山/淮西客运站/淮海西路
石磊小区,12935,,,云龙/戏马台/彭城路278号
富贵园小区,9816,,,鼓楼/堤北/煤港路
公交宿舍,7696,,,泉山/淮西客运站/准海西路
海郑花园,11034,,,泉山/四院/玉带西街
状元楼,15277,,,鼓楼/古彭广场/黄河南路
建新小区,8103,,,云龙/九七医院/铜山路224号
翰林花园南区,10416,,,"云龙/尚仕名邸/庆丰路,近徐海路"
书苑小区,8385,,,"铜山/铜山新区/上海路,近海河路"
中煤建安六处小区,8746,,,"铜山/文泰康城/风华南路,近煤建校北巷"
阳光军旅,5840,,,鼓楼/鼓楼广场/马场湖西路8号
三达小区,10014,,,云龙/汽车客运总站/复兴南路134号
望塔景园,10555,,,泉山/矿业大学/科技街
绅士花园,14984,,,泉山/吴庄花园/培正巷
民强园,10520,,,云龙/万达广场/黄山路
永业嘉苑,5263,,,"贾汪/新夏路口/转型大道,近泉城路"
煤机东村小区,8547,,,鼓楼/杨庄/下淀路149号
建北小区,10150,,,鼓楼/堤北/复兴北路
盛天茗苑,15888,,,泉山/段庄广场/西苑中路
明理街小区,11529,,,泉山/香港名店街/明理街
人防小区,10830,,,泉山/段庄广场/黄河南路
锦萃家园,10000,,,铜山/铜山新区/黄河西路
旭阳花园,9205,,,铜山/铜山新区/同北巷2号
东华园小区,11415,,,云龙/万达广场/东丰路
惠工东村,9360,,,鼓楼/四道街/煤港路100号
美兰花园,8153,,,金山桥开发区/高铁站/203县道
下洪新村,10415,,,云龙/宣武市场/黄河东路
南岸别墅,22718,,,泉山/开元四季/玉带路3号
阳光人本花园,14400,,,泉山/奎园西门/解放南路
富丽城小区,13984,,,泉山/四院/解放路
鑫惠花园(北区),6624,,,邳州/邳州市区/南京路
老营盘小区,9925,,,鼓楼/大马路/前进路112号
紫荆花园,10209,,,沛县/沛县市区/正阳南路15号
国税小区,13861,,,泉山/市二院/道平路2号
物园小区,8478,,,泉山/段庄广场/二环西路
一水花园,9438,,,铜山/檀香山/徐潇公路
南湖花园,20143,,,泉山/开元四季/玉带路
英南小区,8787,,,泉山/贵邦财富大厦/建国西路
丽景美厦,10042,,,泉山/湖滨小区/二环西路
在水一方(南区),6531,,,丰县/城区/河滨路136号
芙蓉南苑,9148,,,"铜山/文泰康城/风华南路,近煤建校北巷"
教师公寓,11081,,,云龙/云龙周边/德政路
凤凰山中房园A座,14688,,,泉山/四院/凤鸣路6号
鼎瑞雅居(东区),11488,,,泉山/段庄广场/矿山路59号
工商局宿舍,11728,,,泉山/永安广场财经学校/西安南路120号
沙后巷小区,12264,,,云龙/师大北门/劳动巷
永业花园,10119,,,鼓楼/庆云桥西/铜沛路188号
铜沛警苑,9331,,,鼓楼/古彭广场/铜沛路180-184号
龙华城,5405,,,丰县/城区/解放路93号
韩山公寓,11851,,,泉山/淮西客运站/淮海西路355号
美尔小区,5660,,,鼓楼/鼓楼周边/西三环快速路
桃园别墅,11235,,,铜山/铜山新区/黄河西路56号
民享里小区,11138,,,泉山/彭城广场/夹河街
民安小区,10451,,,云龙/万达广场/东丰路
铁桥东小区,9423,,,云龙/天桥东/铜山路
安馨小区,5416,,,泉山/火花/大彭路
先锋家园(东区),9531,,,云龙/黄山新村/假山南北路
府城阁,15584,,,鼓楼/彭城广场/民主北路
国源小区,9172,,,铜山/铜山新区/北京路61号
盛华园,10822,,,鼓楼/祥和路/祥和路
牛山教师公寓,21292,,,铜山/铜山新区/黄河西路
矿大别墅,15625,,,铜山/铜山新区/圭山路
福润佳苑(西区),7767,,,"泉山/淮西客运站/福润路,近淮海西路"
颐园小区,10149,,,泉山/湖滨小区/工农北路
苏堤大厦,10936,,,泉山/淮西新一街/苏堤北路
亚都嘉园,4535,,,邳州/邳州市区/青年西路
凤鸣花园中组小区,11767,,,泉山/四院/凤台路
富国大厦,10238,,,"泉山/香港名店街/富国街,近中山北路"
圣泉花园,12725,,,"铜山/居乐园/彭祖路,近嵩山路"
君廷商务公寓,3684,,,鼓楼/煤港路/庙山路
民慧园(北区),8157,,,贾汪/步行街/310国道
徐州海关宿舍,8968,,,云龙/宣武市场/宣武路1号
坝山公寓,10329,,,云龙/黄山新村/黄山路6号
宝恒公寓,8720,,,鼓楼/大马路/黄河东路39号
煤机西村,8000,,,鼓楼/下淀/下淀路
金晖嘉园,10367,,,鼓楼/煤港路/海鸥路
龙潭花园,10439,,,鼓楼/金山桥/龙潭环路5号
南坝山小区,10739,,,云龙/绿地世纪城/黄山路
复兴家园,13037,,,云龙/丰储街/复兴南路334号
绿健花园,11452,,,鼓楼/和风雅致/马场湖路
摩尔庄园,4600,,,铜山/铜山新区/汇河路2号
4813宿舍,10331,,,泉山/段庄广场/矿山东路42号
东坡花园,9523,,,泉山/四院/泰山路
一机厂宿舍,8586,,,泉山/淮西新一街/矿山东路
福中居小区,11619,,,泉山/夹河街东/中山北路59号
江苏铝厂宿舍,8447,,,鼓楼/堤北/煤港路60号
纺织花园,15925,,,泉山/段庄广场/建国西路220号
金鹏小区,15753,,,泉山/四院/凤鸣路
金水公寓,6797,,,泉山/夹河街东/黄河南路35号
荣昌盛苑,10388,,,泉山/段庄广场/二环西路91号
民聚园,6500,,,泉山/植物园/黄河南路
天齐花园,20526,,,泉山/开元四季/湖西路2号
海富公寓,9639,,,鼓楼/庆云桥西/黄河北路
河清路70号小区,15246,,,鼓楼/古彭广场/河清路70号
云水山庄,12500,,,铜山/铜山新区/黄河西路
富泊湾公寓,16597,,,"泉山/风华园/风华南路,近三环南路"
军苑小区,12222,,,泉山/建国西路/二环西路
金莱花园,4602,,,鼓楼/东站/襄王南路
高伟达小区,8112,,,云龙/沃尔玛/复兴南路330号
怡和北公寓,10322,,,鼓楼/富国街/黄河北路
华美悦澜湾,0,,,铜山/檀香山/三环北路
开元mini公寓,11111,,,"泉山/贵邦财富大厦/杏马路,近开元路"
行宫花园,2900,,,铜山/檀香山/茅村街
民主苑小区,3370,,,"贾汪/步行街/305县道,近文化路"
徐州医药高等职业学校教工宿舍,9806,,,云龙/师大北门/共建路1号
中骏柏景湾,8276,,,铜山/铜山万达/北京南路
德信君宸,16814,,,"鼓楼/庆云桥西/苏堤北路,近黄河北路"
电厂家属院,10920,,,泉山/夹河街东/夹河前街73号院
自来水公司宿舍,7500,,,邳州/邳州市区/青年东路51号
孤山安置小区,4885,,,"金山桥开发区/高铁站/贾汪大道,近徐海路"
富源小区,5000,,,"邳州/其它/陵园路,近江恒路"
天瑞花园,10000,,,铜山/铜山万达/黄河西路
前姚村公寓,4218,,,"金山桥开发区/高铁站/文化东路,近徐海路"
安冉花园,3800,,,"沛县/沛县市区/上海路,近南京路"
教师家园,9587,,,"鼓楼/金山桥/知春园路,近白云路"
天成枫华丽致,0,,,睢宁/城区/中山北路
蓝城东方兰园,0,,,睢宁/城区/天虹大道
唐沟和谐园,4387,,,"铜山/铜山新区/徐丰公路,近柳里线"
北辰花园,0,,,睢宁/城区/S121省道
人和家园,2594,,,"铜山/铜山新区/海运路,近311国道"
陇海家园,2654,,,"铜山/铜山新区/323省道,近311国道"
益通茗苑,3298,,,"铜山/铜山新区/迎宾路,近305县道"
康乐家园,3587,,,"铜山/铜山新区/301镇道,近305镇道"
云龙紫荆园,10501,,,"云龙/民营工业园/民富路,近汉源大道"
顺发公寓,4387,,,"睢宁/城区/幸福路,近金高线"
润企润景新苑,5638,,,"睢宁/城区/文学南路,近324省道"
乐园公寓,4500,,,"睢宁/城区/乐园路,近东升街"
长寿里小区,5000,,,睢宁/城区/二小路31号
大巷口,16693,,,云龙/青年路/解放路3号
天鸿水岸景城,6876,,,"邳州/邳州市区/邳新路,近万兴东路"
馨源小区,5913,,,"铜山/铜山新区/堡中路,近振兴路"
千禧城,8263,,,"铜山/铜山新区/闽江路,近银山路"
时代商城,5205,,,丰县/城区/人民路176号
神井花园,3400,,,新沂/新沂市区/神井大道
中骏汇景城,10200,,,铜山/国基城邦/珠江西路
月牙河小区,3200,,,丰县/城区/大同路
临府小区,4200,,,丰县/城区/临府街
中浙绿堡花苑,6500,,,邳州/邳州市区/富春江路
帝泽名城,0,,,邳州/邳州市区/关公东路
富园名居,0,,,鼓楼/下淀/下淀路
爱民小区,0,,,丰县/城区/大庆路
供销嘉苑,0,,,铜山/檀香山/X305县道
中船城市广场,0,,,贾汪/青山泉镇/工商路88号
绿地领海,0,,,新城区/商务城/昆仑大道
民族中学宿舍楼,3585,,,丰县/城区/北苑路1号
通益茗苑,5274,,,"铜山/铜山新区/305县道,近迎宾路"
外贸局院,5000,,,丰县/城区/人民路17号
茗居苑,6572,,,铜山/铜山新区/振兴北路96号
和兴小区,4003,,,贾汪/青山泉镇/民和路2号
天硕名都,4000,,,沛县/沛县市区/徐沛路
盛业和园,6117,,,铜山/檀香山/104国道
凤凰家园,4036,,,铜山/檀香山/兴业路
富春山居(别墅),0,,,云龙/九七医院/徐海路
丰慧华丽家族,0,,,新沂/新沂市区/人民路
工商局宿舍,0,,,丰县/城区/中阳大道
新城玖珑湖,0,,,鼓楼/九龙湖/九龙湖路
大华潘安湖首府,0,,,贾汪/青山泉镇/星光大道
润东花园,0,,,铜山/檀香山/人民路
沈店花园,0,,,金山桥开发区/高铁站/和平大道
中梁首府,0,,,铜山/铜山万达/银山路
东方瀚苑,0,,,邳州/邳州市区/邳新路
解台锦程小区,2897,,,"贾汪/青山泉镇/305县道,近通港大道"
国华大厦,8287,,,泉山/夹河街东/中山北路39号
玫瑰花园,8691,,,"铜山/国基城邦/府前路,近紫金路"
梦佳景园,3305,,,"铜山/檀香山/青年路,近458镇道"
侯园小区,4231,,,"丰县/城区/人民东路,近支农路"
金茂华庭,0,,,沛县/沛县市区/铁东路
梧桐公馆,0,,,铜山/铜山新区/华山路
康华园,5000,,,"铜山/铜山新区/长安路,近连霍高速"
民乐苑社区,2545,,,"贾汪/新夏路口/泉城路,近洪西路"
中钰月亮湖壹号,4992,,,"贾汪/新夏路口/303县道,近贾韩南路"
和平路万象府,0,,,新城区/奥体中心/振兴大道
旺家山水,0,,,泉山/火花/群英路
向阳小区,0,,,邳州/邳州市区/三汊河路
北尚新城,0,,,睢宁/城区/204县道
富春山居,0,,,云龙/九七医院/徐海路
玖玺,0,,,泉山/儿童医院/矿山东路
溪悦茗城,0,,,睢宁/城区/澳门路1号
郑集工具厂家属院,3000,,,铜山/檀香山/商业街
金泰御兰湾,7260,,,睢宁/城区/中山北路
绿地莫兰迪公馆,0,,,新城区/大龙湖/黄浦路
金地商街,4991,,,"丰县/城区/人民路,近工农路"
新苏公馆,8210,,,邳州/邳州市区/闽江路16号
恒大林溪郡,8100,,,"邳州/邳州市区/扬州路,近长江路"
泊寓新里程社区,9000,,,云龙/火车站/津浦西路168号
世纪梨园(别墅),0,,,丰县/城区/丰黄路
田昌华府(别墅),0,,,贾汪/新夏路口/新龙路
田昌华府,0,,,贾汪/新夏路口/新龙路
宏基盛世豪庭,0,,,邳州/邳州市区/华山路
万悦城(别墅),0,,,泉山/开元四季/三环南路299号
蓝城沁园,9907,,,铜山/檀香山/海棠路168号
怡康家园,0,,,铜山/檀香山/隆源路
壹方城,9714,,,铜山/国基城邦/徐州市铜山区大学路219号
官庄小区和谐家园,5138,,,金山桥开发区/高铁站/和平大道
水岸豪庭,7600,,,新沂/新沂市区/黄沭路
凤凰墅,12076,,,"邳州/邳州市区/南京路,近长江路"
凤凰小区,0,,,贾汪/青山泉镇/军泉路
棠张新居,0,,,铜山/檀香山/Y606
晟联新贵都,0,,,睢宁/城区/天虹大道
弘扬凤鸣府(别墅),0,,,贾汪/青山泉镇/凤鸣路
汉城花园,10086,,,丰县/城区/汉正街
御景云城,4563,,,"沛县/沛县市区/汉玉路,近温州路"
新盛贝客公寓,0,,,泉山/矿业大学/徐州工程学院科技产业园
红星金茂悦,16998,,,云龙/九七医院/和平大道1-2号
欧蓓莎国际商城,8000,,,金山桥开发区/高铁站/徐海路66号
金园小区,8000,,,睢宁/城区/金园巷81号
苹果社区,6913,,,邳州/邳州市区/恒山路
文中路小区,9864,,,铜山/铜山万达/学苑路41号
福佑新都,2445,,,睢宁/城区/前进西路
和顺巷商住楼,11278,,,鼓楼/金山桥/环城路227号
江南名都城,0,,,沛县/沛县市区/东风东路69号
世贸广场钻石国际,6950,,,云龙/绿地世纪城/兵马俑路16号
维维市府雅苑,4774,,,新沂/新沂市区/市府东路100号
馨园雅居,8030,,,新沂/新沂市区/北京路9号
明珠花苑,4800,,,新沂/新沂市区/轻工路29号
季合元小区镇政府宿舍楼,0,,,丰县/城区/中阳大道
供销小区商住楼,7173,,,邳州/邳州市区/新安路78号
大许村祥瑞嘉苑,9161,,,铜山/铜山新区/健康路
环城路171号院,8575,,,鼓楼/四道街/环城路171号
腾飞家园,2200,,,沛县/沛县市区/321省道
南京商厦,5200,,,新沂/新沂市区/南京路48号
国际商贸城金屋广场,6400,,,新沂/新沂市区/大桥西路23号
名城锦园,6000,,,"沛县/沛县市区/樊哙路,近汉兴路"
新世纪建材装饰城(商住楼),8500,,,泉山/矿业大学/迎宾大道11号
万科翡翠天地,17652,,,泉山/段庄广场/淮海西路6号
公园壹号,4400,,,丰县/城区/丰邑路
安居九期西区,3500,,,丰县/城区/东环路
沂沭泗水利局宿舍南院,9800,,,泉山/凤鸣路/奎淮路3号
福润苑,12321,,,铜山/铜山万达/煤建校北巷3号
凤凰嘉园,7800,,,新沂/新沂市区/珠江路
国际商贸城,5200,,,新沂/新沂市区/大桥路21号
紫薇小区,3800,,,邳州/邳州市区/华山路
上海公馆,6500,,,新沂/新沂市区/南京路
云鼎秀水湾,4500,,,邳州/邳州市区/青年东路
富国绿苑,10500,,,泉山/夹河街东/少华街118号
科技木业城,2932,,,邳州/其它/建设北路88号
黄河北路57号院,9102,,,鼓楼/庆云桥西/黄河北路57号
报社宿舍,6200,,,泉山/中山南路/中山南路148号
山语世家(商住楼),16186,,,"泉山/矿业大学/泉新路,近三环南路"
中能科技园(别墅),15930,,,泉山/矿业大学/三环南路
凤凰源著,14346,,,铜山/铜山新区/银山路
奎西综合楼,6200,,,泉山/凤鸣路/近凤台路
中江陶然水岸,6500,,,鼓楼/九里/近平山北路
尚德一号,6452,,,睢宁/城区/近天虹大道
中国矿业大学教职工公寓,9593,,,泉山/矿业大学/解放南路386号
万科尚都会,12201,,,云龙/万达广场/徐海路163号
泽信公馆,11682,,,鼓楼/九里/襄王北路
物资商城,5800,,,睢宁/城区/元府东路25号
沭滨大厦,6500,,,新沂/新沂市区/钟吾路173号
三胞广场,8817,,,泉山/矿业大学/解放南路26-8号
奉华小区,6401,,,睢宁/城区/江苏省徐州市睢宁县八一路7号
碧溪小区,11429,,,云龙/师大北门/泰山路22号
九鹏苏北商贸城,0,,,"铜山/檀香山/人民路,近茅黄线"
凯旋府邸,5800,,,睢宁/城区/睢宁县中央大街东边
smart公寓,6000,,,新沂/新沂市区/市府东路29号
碧玉小家,6800,,,铜山/檀香山/同创路
泉盛美家,7517,,,泉山/火花/卧牛山路
现代商城,5651,,,新沂/新沂市区/新安路6-1号
维维紫悦台,14265,,,"新城区/新市政府/明正路,近镜泊东路"
万达楚岳公馆,0,,,睢宁/城区/永昶路
碧桂园天悦府,0,,,睢宁/城区/永昶路
金尊府,0,,,睢宁/城区/睢河南路
杏林苑,5715,,,"邳州/邳州市区/运平路,近长江西路"
金泰云溪府,6398,,,睢宁/城区/永安路
绿地翡翠蓝湾,5342,,,贾汪/新夏路口/宏安路
好得家悦城,8542,,,鼓楼/杨庄/三环北路5号
顺河小区,9068,,,鼓楼/四道街/王大路39号
汉街小区,5133,,,沛县/沛县市区/汉街
奎山老县委宿舍,0,,,泉山/凤鸣路/解放路
徐钢六宿舍,0,,,鼓楼/下淀/下淀路
祥云商业广场,0,,,鼓楼/清水湾/祥云路11号
金地雅苑,0,,,沛县/其它/海河路
政府小区,0,,,邳州/其它/淮海路
万科未来城,0,,,铜山/檀香山/玉带大道
恒大潘安湖生态小镇(别墅),0,,,贾汪/青山泉镇/利大路
万科未来城(别墅),0,,,铜山/檀香山/玉带大道
二庙城市花园,4976,,,邳州/邳州市区/文苑路
和美佳苑,0,,,鼓楼/九里/西三环路
中梁国宾府,5972,,,"邳州/邳州市区/文苑路,近清新街"
张集民意苑,3578,,,"铜山/铜山新区/中街,近镇西大街"
一栋洋房,4187,,,"铜山/铜山新区/104国道,近府东路"
影苑小区,6103,,,"铜山/铜山新区/振兴北路,近环镇东路"
邳州碧桂园,0,,,邳州/邳州市区/闽江路
运河御苑,0,,,鼓楼/下淀/G104国道
邳州碧桂园(别墅),0,,,邳州/邳州市区/闽江路
政法小区,4947,,,丰县/城区/人民路656号
福润小区,8750,,,"泉山/贵邦财富大厦/西三环,近新淮海西路"
阳光新村,0,,,邳州/其它/中蒜路
弘阳璞樾门第(别墅),0,,,金山桥开发区/高铁站/和平大道
弘阳璞樾门第,0,,,金山桥开发区/高铁站/和平大道
万科城D区,12028,,,"鼓楼/九里/天齐南路,近丁万河南路"
万科城B区,13053,,,"鼓楼/九里/天齐南路,近丁万河南路"
万科城C区,11849,,,"鼓楼/九里/天齐南路,近丁万河南路"
金唐新城,0,,,新沂/新沂市区/北京路
蓝光云锦里,4751,,,贾汪/青山泉镇/贾韩中路26号
旭辉美的天阙,21932,,,鼓楼/庆云桥西/中山北路
环卫宿舍,8396,,,泉山/大润发/工农南路101号
新大花园,6700,,,新沂/新沂市区/市府路56号
一品观邸,9705,,,鼓楼/古彭广场/中山北路12
蓝光锦澜府,4787,,,"贾汪/青山泉镇/泉旺路,近工商路"
东福花园,4774,,,铜山/铜山新区/104国道
跃进小区,0,,,铜山/檀香山/府前南街
惠民小区,3000,,,丰县/城区/首王线
金_星城,13007,,,鼓楼/清水湾/奔腾大道
大吴桃园小区,5071,,,贾汪/青山泉镇/湖南路
嘉瑞家园,5300,,,新沂/新沂市区/化工路9号
亚华大厦,7643,,,泉山/夹河街东/西安北路66号
光航城,5284,,,"贾汪/新夏路口/桃源路,鲁尔大道"
星河湾,5569,,,新沂/新沂市区/市府路6号
蓝光高盛熙岸华府,5619,,,"丰县/城区/西环路,近白帝河"
上水璞园,7284,,,铜山/铜山新区/Y604
建白巷,9516,,,泉山/夹河街东/建白巷1号
保利万科时代之光,8713,,,铜山/檀香山/310国道
温州商贸城,5160,,,"沛县/沛县市区/汉兴路,近韩信路"
嘉乐园,6461,,,铜山/铜山万达/万达路
怡和广场,15188,,,铜山/国基城邦/大学路299号
建平小区,5337,,,"贾汪/步行街/建平路,近文化路"
中南中山府,11656,,,鼓楼/清水湾/华润路173号
大许村雨露花园,2500,,,铜山/檀香山/振兴路
鑫源小区,2500,,,沛县/其它/钢城大道
吉田商务广场（商住楼）,8171,,,新城区/新市政府/镜泊西路5号
南湖月亮湾小区,4970,,,贾汪/青山泉镇/将军大街
翰城国际,5917,,,贾汪/新夏路口/鲁尔大道
数码港市场,4060,,,丰县/城区/解放大道23号
田巷花园,5263,,,"铜山/铜山新区/汉何路,近311国道"
中梁阳光城钟吾首府,10000,,,新沂/新沂市区/临沭中路95号
泉城花都E,4258,,,贾汪/新夏路口/马山路
中茵广场,0,,,新城区/新市政府/楚韵路
中江文华苑,5552,,,"沛县/沛县市区/新沛路,近青年路"
民和公寓,3850,,,贾汪/青山泉镇/民和路
中和南院,10899,,,铜山/铜山万达/湘江路7号
中和南院(别墅),11967,,,铜山/铜山万达/湘江路7号
陆港小镇,4956,,,睢宁/城区/新华东路8号
东泰苑,4446,,,邳州/邳州市区/东兴路31号
特教中心教师公寓,7038,,,鼓楼/九里/三环北路
庄场公寓,3070,,,"邳州/邳州市区/淮河路,近华山路"
邮电局宿舍(泉山区),8153,,,泉山/市二院/二环西路35号
兴美城市广场,6688,,,睢宁/城区/八一东路1号
向阳小区,5709,,,铜山/檀香山/304县道南240米
珍宝岛熙悦府,8333,,,"铜山/铜山万达/创业四路,近长安路"
世纪花园(丰县),4525,,,丰县/城区/中阳大道21号
金尚名著,4981,,,"贾汪/新夏路口/永福路,近转型大道"
教师公寓,9391,,,"鼓楼/清水湾/中山北路,近金马路"
杂品公寓,6361,,,"睢宁/城区/文学北路,近元府中路"
机关小区,4761,,,丰县/城区/向阳路22号
群力小区,4123,,,"贾汪/世纪西路/将军大街,近旗山路"
金彭格兰郡,6222,,,"贾汪/新夏路口/滨河路,近泓福路"
福海佳苑,5744,,,"睢宁/城区/人民路,近文学北路"
机关小区,1987,,,"铜山/檀香山/302县道,近兴马路"
农行宿舍,6168,,,"睢宁/城区/天虹大道,近八一中路"
睢宁装饰城,6449,,,"睢宁/城区/元府中路,近天虹大道"
鼓楼广场,11842,,,"鼓楼/祥和路/中山北路,近二环北路"
中信时代广场,2508,,,贾汪/青山泉镇/贾韩北路111号
温州商城小区,4181,,,贾汪/青山泉镇/前委路84号
中阳二区,5040,,,"丰县/城区/美丰街,近古丰街"
煤建五处宿舍,6791,,,泉山/火花/汉城西路
合苑小区,4603,,,丰县/城区/中阳大道613号
国际未来城(B区),6919,,,邳州/邳州市区/长江西路
环岛阳光花园,6736,,,睢宁/城区/东升街93号
恒阳和泰园,2987,,,"铜山/文泰康城/907乡道,近910乡道"
四处东院,7730,,,"鼓楼/清水湾/天齐南路,近汉城东路"
城西小区,11030,,,"泉山/大润发/工农南路,近湖滨路"
湖滨五期,9763,,,"泉山/大润发/韩山路,近湖滨路"
怡景花园,5312,,,"睢宁/城区/文学北路,近永昶路"
四季花城,6555,,,"新沂/新沂市区/马陵山路,近上海路"
阳光家园,6017,,,"睢宁/城区/天虹大道,近南环路"
花园社区公寓,5955,,,睢宁/城区/新城中路
瀚林苑,6379,,,"邳州/邳州市区/文苑东路,近瑞兴北路"
融汇领御,7006,,,"丰县/城区/中阳大道,近东城路"
碧螺山庄(三区),10056,,,鼓楼/金山桥/金桥路10号
碧螺山庄(二区),10820,,,鼓楼/金山桥/金桥路10号
凯旋花园,7429,,,邳州/邳州市区/民主路
西华园,6419,,,"睢宁/城区/晋陵北路,近人民西路"
碧螺山庄(四区),9944,,,鼓楼/中枢街/金桥路10号
碧螺山庄(一区),10384,,,鼓楼/金山桥/金桥路10号
胜利小区(西区),5093,,,丰县/城区/胜利街
刘湾小区(南区),5000,,,鼓楼/下淀/海鸥路
凤鸣城(B区),6476,,,丰县/城区/工农路
胜利小区(东区),4713,,,丰县/城区/胜利街
民慧园(南区),8139,,,贾汪/青山泉镇/310国道
金山花园(丰县),9700,,,丰县/城区/金山路
丰邑华庭,5866,,,丰县/城区/工农路
世纪梨园,3603,,,丰县/城区/丰黄路
金庄新村,3400,,,丰县/城区/丰黄路
荟苑小区,4953,,,丰县/城区/支农路
周新庄小区,5300,,,丰县/城区/北环路
开宏公寓,5300,,,丰县/城区/北环路
苏楼小区,4800,,,丰县/城区/北苑路
北孔庄小区二期,3612,,,沛县/沛县市区/正阳大道
北孔庄小区(B区),3900,,,沛县/沛县市区/红光路
北孔庄小区(C区),3900,,,沛县/沛县市区/红光路
惠民家园,8095,,,沛县/沛县市区/汉邦路1号
夕阳红公寓,5400,,,沛县/沛县市区/韩信路
凤城花园(B区),4390,,,丰县/城区/工农北路
陈山佳苑,2900,,,贾汪/青山泉镇/京福线
四季花园,1650,,,贾汪/青山泉镇/耿紫线
苏源小区,4545,,,"睢宁/城区/八一西路,近苏源南路"
幸福家园(睢宁县),3448,,,"睢宁/城区/睢宁绕城公路,近幸福路"
水建新村,6615,,,"邳州/邳州市区/花园路,近三汊河路"
金源商贸城,4821,,,"睢宁/城区/红叶南路,近新市路"
康盛花园,5000,,,"睢宁/城区/永昶路,近鸿禧路"
中阳一区,5466,,,"丰县/城区/中央大道,近书院街"
福海佳苑综合楼,5730,,,"睢宁/城区/人民东路,近文学北路"
中山北路227号小区,8626,,,鼓楼/九龙湖/中山北路227号
矿南小区(西区),11735,,,"泉山/西苑/二环西路,近矿山路"
绿地泊林公馆(西区),15807,,,"新城区/商务城/彭祖大道,近太行路"
茶庵小区(B区),6854,,,新城区/奥体中心/新元大道
尚仕名邸(北区),16215,,,云龙/万达广场/和平大道
美的时代城(二期),8874,,,金山桥开发区/高铁站/高新路
美的时代城(三期),9613,,,金山桥开发区/高铁站/高新路
美的时代城(四期),9481,,,金山桥开发区/高铁站/高新路
绿地高铁东城(二期),10037,,,金山桥开发区/高铁站/彭祖大道
绿地高铁东城(三期),8889,,,"金山桥开发区/高铁站/高新路,近彭祖大道"
绿地高铁东城(四期),10000,,,金山桥开发区/高铁站/高新路
御苑新城,3363,,,"丰县/城区/西环路,近白帝河南路"
四海人家,4701,,,"贾汪/新夏路口/超越大道,近206国道"
金地家园,6813,,,沛县/沛县市区/歌风路
煤建三街4号院,12137,,,泉山/大润发/煤建三街
成侯花园(B区),7448,,,睢宁/城区/八一西路400号
瑞凯国际城(B区),7848,,,睢宁/城区/天虹大道
金顶世贸城桂花园(二期),6662,,,睢宁/城区/东升街35号
花园小区(二期),6388,,,睢宁/城区/青年路
天虹世纪城(北区),8130,,,睢宁/城区/天虹大道30号
南湖尚苑(北区),9267,,,铜山/国基城邦/黄河西路168号
欧洲城(东区),7825,,,睢宁/城区/天虹大道
润企润和苑(一期),6547,,,睢宁/城区/新城西路
吉祥家苑,3400,,,"沛县/沛县市区/徐沛路,近新孔线"
金泰名城,7151,,,"睢宁/城区/永安路,近文学北路"
凤凰山安置小区(A区),8400,,,铜山/铜山新区/华山路
凯旋家园,5233,,,"睢宁/城区/中央大街,近东升街"
凤凰山安置小区(B区),5711,,,铜山/铜山新区/华山路
城北新村,3671,,,"丰县/城区/环城北路,近工农北路"
绿地泊林公馆(南区),17937,,,新城区/商务城/彭祖大道
团结新村,3600,,,沛县/沛县市区/南京路
御城华府西院,6400,,,沛县/沛县市区/滨河路
中央御景东区,6520,,,沛县/沛县市区/汤沐路
德信九龙城紫郡,7436,,,沛县/沛县市区/樊哙路
祥和家园,5453,,,沛县/沛县市区/樊哙路
汤沐景苑,6868,,,沛县/沛县市区/汉城南路30号
金诚花园,3600,,,沛县/沛县市区/汉兴路
爱尔杰公寓,4237,,,"睢宁/城区/苏源线,近苏源南路"
管道二公司小区(北一区),12727,,,"泉山/矿业大学/三环南路,近解放南路"
管道二公司小区(南一区),15813,,,"泉山/风华园/三环南路,近北京路"
民惠园,4642,,,贾汪/青山泉镇/韩桥路
五号井花园A区,3298,,,贾汪/青山泉镇/星光路
五号井花园C区,3454,,,贾汪/青山泉镇/星光路
绿地商务城书香苑(北区),15620,,,新城区/商务城/太行路
九里新苑(北区),7449,,,鼓楼/九里/天齐北路
御景湾G区,13268,,,泉山/交通银行/郁金香路
汉韵小区(南区),6363,,,鼓楼/九里/襄王北路
九里城市花园(北区),10013,,,鼓楼/九里/襄王北路
徐州烟厂综合住宅小区,8666,,,鼓楼/祥和路/复兴北路
东刘场小区,12898,,,泉山/湖滨小区/湖北路
阿尔卡迪亚(B区),22453,,,"泉山/大润发/二环西路,近荣景路"
金龙小区,11475,,,泉山/段庄广场/泓福路
雁东小区,10674,,,泉山/段庄广场/燕山路
铜山路230号小区,11717,,,云龙/九七医院/铜山路230号
响山小区,9745,,,云龙/九七医院/铜山路240号
铜山路232号小区,9593,,,云龙/九七医院/铜山路232号
徐州肥磷厂宿舍,10967,,,鼓楼/祥和路/复兴北路
普查西院,9660,,,泉山/大润发/美食小巷
御景湾紫罗兰街区,12971,,,泉山/交通银行/御景路
御景湾香梅街区,13128,,,泉山/交通银行/郁金香路
御景湾DE区,13151,,,泉山/交通银行/海棠路
小韩安置小区(西区),7261,,,新城区/奥体中心/紫金路
小韩安置小区(东区),7261,,,新城区/奥体中心/紫金路
奥都花园(西区),8373,,,"新城区/奥体中心/紫金路,近新元大道"
锦绣山水(北区),14983,,,"鼓楼/清水湾/锦绣大道,近奔腾大道"
郡望花园(南区),13175,,,鼓楼/清水湾/奔腾大道
滨湖御景湾,13774,,,泉山/交通银行/姚庄路
和平上东Z园,15651,,,云龙/万达广场/和平路
睢中教师公寓,5385,,,睢宁/城区/元府东路170号
御景华庭(东区),8309,,,"贾汪/新夏路口/世纪东路,近府佐路"
黄河北58号院,9974,,,鼓楼/庆云桥西/黄河北58号
和平上东臻园,15512,,,云龙/万达广场/和平路
同旺家园(南区),4000,,,"贾汪/青山泉镇/将军大道,近桃花路"
黄河北59号院,8586,,,鼓楼/庆云桥西/黄河北59号
客运宿舍东区(鼓楼),9322,,,鼓楼/庆云桥西/黄河北路
华美星光花园(2期),3217,,,贾汪/青山泉镇/夏桥街
紫薇花园,7411,,,铜山/铜山万达/同兴路5号
山南小镇(B区),11037,,,鼓楼/清水湾/中山北路269号
园丁小区,5463,,,"邳州/邳州市区/文苑东路,近瑞兴北路"
江南苑,7728,,,"邳州/邳州市区/人民路,近三汊河路"
王凌路12号楼,10848,,,云龙/沃尔玛/王凌路12号
拖龙山安置小区,8787,,,铜山/铜山万达/长安路
铜山县农业局宿舍楼,8679,,,泉山/矿业大学/解放南路
同旺家园(北区),4375,,,"贾汪/世纪西路/将军大道,近桃花路"
法苑小区,6015,,,"邳州/邳州市区/运平路,近银杏大道"
西苑小区,6250,,,沛县/沛县市区/东风西路21号
下淀路15号商住楼,8139,,,鼓楼/下淀/下淀路15号
下洪尚景园,12808,,,云龙/火车站/黄河东路
东贺安置小区,6164,,,金山桥开发区/高铁站/广德路
西苑金程公寓,7121,,,泉山/西苑/二环西路160号
王陵大院,11566,,,泉山/市二院/中山南路116号
五号井宿舍小区,2985,,,贾汪/新夏路口/天能路
徐钢五宿舍,7882,,,鼓楼/下淀/下淀路
徐工集团宿舍,4287,,,鼓楼/金山桥/广德路
鑫天花园,2474,,,铜山/铜山万达/府前街
鑫园小区,2976,,,铜山/铜山万达/利林路
新生供电小区,11316,,,云龙/沃尔玛/黄河西路111号
新泉佳苑,10975,,,泉山/矿业大学/梨园路18号
新河花园,2745,,,云龙/国基城邦/502镇道
怡祥小区,2500,,,贾汪/新夏路口/304县道
天山绿洲三期B区,14292,,,"泉山/段庄广场/苏堤北路,近矿山路"
永福城,6605,,,贾汪/新夏路口/山水大道
玉谭小区,8117,,,鼓楼/九里/苏丁路
徐州日报社公寓,10736,,,泉山/凤鸣路/金山东路28号
宣武路8号公寓,8618,,,云龙/沃尔玛/宣武路8号
怡和人家,4545,,,铜山/檀香山/459镇道
云龙小区,10216,,,"云龙/万达广场/东丰路,近黄山路"
泽惠家园,11580,,,鼓楼/祥和路/清水路
淮河西路20号小区,7967,,,铜山/铜山万达/淮河西路20号
湖西雅苑F区,9761,,,泉山/火花/杏马路
湖西雅苑K区,10334,,,泉山/火花/杏马路
湖西雅苑B区,10283,,,泉山/火花/杏马路
湖西雅苑C区,10419,,,泉山/火花/杏马路
湖西雅苑A区,9853,,,泉山/火花/杏马路
徐矿城紫薇园,9209,,,鼓楼/鼓楼周边/平山北路
169堪探南院,11682,,,泉山/段庄广场/煤建西路1街1号
安福大厦,4089,,,丰县/城区/向阳北路13号
安福小区,5731,,,丰县/城区/中阳大道
安隆御景湾,11760,,,新沂/新沂市区/临沭南路
坝头农民公寓,3100,,,邳州/邳州市区/泰州路
滨河名邸,6781,,,"贾汪/新夏路口/滨河路,近民乐路"
城北公寓,4761,,,邳州/邳州市区/奚仲路
传世经典(二期),7075,,,"贾汪/新夏路口/大泉路,近世纪东路"
萃文园,5962,,,丰县/城区/中阳大道17号
城市花园,6204,,,沛县/沛县市区/香城路40号
城投汉邦广场,5546,,,沛县/沛县市区/汉源大道
东方翰苑,6727,,,邳州/邳州市区/邳新路
大黄山工人村,5407,,,金山桥开发区/高铁站/矿山路
地税小区,6076,,,邳州/邳州市区/解放路
东方红大厦,5494,,,鼓楼/彭城广场/大马路17号
法苑新村,3545,,,丰县/城区/西城南路
恩华小区,9205,,,鼓楼/九里/马场湖路
风光地带,6171,,,沛县/沛县市区/新沛路
丰润园,5414,,,丰县/城区/解放东路165号
独秀新村,4500,,,沛县/沛县市区/南京路
东方佳苑,2500,,,邳州/邳州市区/250省道
东方花园,7852,,,睢宁/城区/天虹大道
福慧苑,2787,,,铜山/铜山万达/005乡道
福地新居,10428,,,鼓楼/彭城广场/铜沛路89号
福地人家,3818,,,丰县/城区/北苑路
凤翔小区,4936,,,丰县/城区/解放路150号
凤鸣新村,3144,,,丰县/城区/聚源路
凤鸣花园,4463,,,丰县/城区/大庆路96号
凤凰嘉园,4741,,,丰县/城区/支农路
凤城花园(A区),4225,,,丰县/城区/工农北路
南京路85号小区,8147,,,铜山/铜山万达/南京路85号
亚隆花园,5686,,,金山桥开发区/高铁站/西京路
东方御景,5431,,,贾汪/新夏路口/鲁尔大道
工业小区,4100,,,"邳州/邳州市区/花园路,近青年东路"
润宁佳苑,11363,,,"泉山/矿业大学/新泰路,近金山东路"
泉泰佳苑,12280,,,泉山/矿业大学/三环南路
文化名园,4897,,,"贾汪/世纪西路/泉城路,近旗山路"
王营小区,3300,,,"睢宁/城区/幸福路,沿河西路"
南湖御景,4636,,,"贾汪/新夏路口/超越大道,近天工路"
水秀园,6315,,,"丰县/城区/向阳路,近香榭里路"
九里峰景(A区),13469,,,鼓楼/九龙湖/二环北路
邮电局宿舍(鼓楼区),10693,,,鼓楼/四道街/东阁街
教师综合楼,11616,,,云龙/火车站/铜山路83号
西阁街农贸市场,9202,,,鼓楼/庆云桥西/中山北路195号
幸福家园(西区),11114,,,泉山/段庄广场/新淮海西路
法院宿舍(云龙区),14404,,,云龙/绿地世纪城/备战路
尚景园(北区),12674,,,云龙/火车站/和平路10号
阳光帝景城(北区),7174,,,新沂/新沂市区/新安路
鑫惠花园(南区),7428,,,邳州/邳州市区/南京路
中浙国贸花园(南区),6457,,,邳州/邳州市区/长江西路
省煤炭基本建设公司宿舍,10227,,,泉山/儿童医院/淮海西路268号
翡翠杏山(南区),10505,,,泉山/开元四季/徐肖线
下淀农贸市场,8538,,,鼓楼/杨庄/下淀路
小北门22号院,10155,,,泉山/夹河街东/光明东路
徐州人家白云南区,11192,,,鼓楼/杨庄/白云路
汇川君临华府(南区),8791,,,邳州/邳州市区/香港路
徐州人家白云北区,11089,,,鼓楼/杨庄/白云路
金御祥苑(东区),7717,,,邳州/邳州市区/珠江东路
新苏中心商业广场(南区),7886,,,邳州/邳州市区/银杏大道
西雅园(北区),15249,,,泉山/西苑/西苑中路
景润园(二期),7174,,,新沂/新沂市区/大桥西路82号
苏州花苑(北区),5574,,,新沂/新沂市区/花厅路
天都嘉园(东区),7148,,,新沂/新沂市区/新华路52号
东方名郡(南区),7244,,,邳州/邳州市区/长江路
民理园,11764,,,泉山/中山南路/风化街
丽晶国际(B区),7992,,,睢宁/城区/中山北路
建材小区,8346,,,泉山/段庄广场/矿山路
城市花苑(北区),7564,,,新沂/新沂市区/新华路50号
中枢公寓,11011,,,泉山/中山南路/中枢南街
丰惠华丽家族(北区),7087,,,新沂/新沂市区/人民路98号
开源小区,10367,,,云龙/师大北门/养育巷
丰储小区,10511,,,云龙/师大北门/民主南路
徐州矿山路24号小区,8316,,,泉山/西苑/矿山路24号
两妥颐和小区,4166,,,贾汪/新夏路口/华建路
绿地之窗国际花都一期,13016,,,"金山桥开发区/高铁站/玉湖路,近鲲鹏路"
煤建路10号院,10769,,,泉山/风化街/欧庄路
绿地商务城香颂,16800,,,新城区/绿地商务城/太行路
煤建西路6号院,11707,,,泉山/市二院/建国西路
祥和苑,4687,,,邳州/邳州市区/奚仲路
龙福山水,2800,,,贾汪/新夏路口/310国道
上山安置小区(西区),6046,,,金山桥开发区/高铁站/徐海路
尚品水岸,2564,,,贾汪/新夏路口/302县道
尚景园南区,12824,,,云龙/火车站/和平路10号
少华公寓,11578,,,泉山/彭城广场/少华街
师大奎园校舍,11092,,,泉山/矿业大学/奎南路7号
盛鑫大厦,7457,,,鼓楼/祥和路/奔腾大道
四堡康乐新村公寓,2800,,,铜山/铜山万达/206国道
顺鑫家园,9777,,,鼓楼/祥和路/奔腾大道
天鼎华府,5289,,,"贾汪/步行街/旗山西路,近工商路"
泰信大楼,15539,,,鼓楼/彭城广场/延平路23号
苏苑小区,2400,,,铜山/铜山万达/华润路
苏园里,13193,,,云龙/沃尔玛/解放路
铁路37宿舍,9200,,,鼓楼/堤北/长征路
天智花园,3278,,,贾汪/新夏路口/泉城路
孟家沟人和花园,5362,,,鼓楼/下淀/东三环
南湖尚苑(南区),4772,,,铜山/铜山新区/黄河西路168号
蟠桃五村,5653,,,金山桥开发区/泰隆商业街/杨山路
民和苑,4371,,,贾汪/步行街/团结路
梦佳鑫苑,3464,,,铜山/檀香山/310国道
民生小区,16153,,,云龙/沃尔玛/青年路
乾龙御苑,5043,,,"贾汪/新夏路口/大泉路,近煤源路"
琵琶花园北区,10373,,,鼓楼/祥和路/沈孟路
沙后巷新区,12512,,,云龙/沃尔玛/彭城路
三堡驿居,6565,,,铜山/铜山万达/环镇东路
润天吴都星城小区,5256,,,贾汪/新夏路口/民主路
荣翔花园,5000,,,铜山/铜山万达/银山路
清舒花园,15000,,,泉山/凤鸣路/凤台路10号
清山石韵家园,6666,,,鼓楼/金山桥/蟠桃山路46号
青泉山庄,2197,,,贾汪/青山泉镇/镇中路
第六人民医院家属院,8937,,,泉山/大润发/淮海西路267号
翔瑞嘉苑,2800,,,"贾汪/青山泉镇/202县道,近耿紫线"
金湖山水,3100,,,"沛县/沛县市区/永乐西路,近运河大道"
润企润和苑(二期),6104,,,"睢宁/城区/东升街,近新城西路"
绿地工润和平壹号(三期),13727,,,"云龙/万达广场/民富路,近汉源大道"
绿地工润和平壹号(四期),14000,,,"云龙/万达广场/民富路,近汉源大道"
万科城A5区,12820,,,鼓楼/九里/天齐南路
万科城A5区,12800,,,鼓楼/九里/天齐南路
万科城A2区,15768,,,鼓楼/九里/天齐南路
万科城A3区,17870,,,鼓楼/九里/天齐南路
万科城A4区,12945,,,鼓楼/九里/天齐南路
阳光丽景,5840,,,丰县/城区/解放西路
徐州师范大学东院住宅小区,14944,,,云龙/沃尔玛/解放路
徐沛铁路宿舍小区,3400,,,沛县/沛县市区/汤沭西路15号
绣绮园新村,3600,,,沛县/沛县市区/上海路
幸福小区一期,2727,,,"睢宁/城区/幸福路,近京福线"
幸福花园,5473,,,邳州/邳州市区/泰州路
星星家电职工宿舍楼,6024,,,睢宁/城区/121省道
鑫粮苑小区,5204,,,沛县/沛县市区/正阳大道
信合苑,3926,,,邳州/邳州市区/建设中路18号
新源雅居小区,6240,,,沛县/沛县市区/汉源大道58号
新沛小区,5000,,,沛县/沛县市区/汉城南路
鑫达园小区,5980,,,沛县/沛县市区/东风中路16号
新沛东区,5462,,,沛县/沛县市区/新沛路5号
新华小区,6600,,,新沂/新沂市区/建邺路
铁货小区,8952,,,"云龙/青年路/青年路,近黄河西路"
靖宜家缘,4800,,,"铜山/檀香山/茅村街,近民盛路"
曼哈顿商业广场,6619,,,"睢宁/城区/元府中路,近文学北路"
明珠物流园,3430,,,邳州/邳州市区/华山北路
汤沐小区,5757,,,沛县/沛县市区/汉城南路30号
腾飞新村,3600,,,沛县/沛县市区/南京路
天城公寓,5438,,,邳州/邳州市区/天山南路
天赐佳园,3100,,,邳州/邳州市区/九龙大道
铁路二七宿舍,7062,,,鼓楼/堤北/大庆路
天禄大厦,7974,,,云龙/沃尔玛/民主南路200-5号
时尚小区,6258,,,邳州/邳州市区/奚仲路
世纪花园,7030,,,邳州/邳州市区/恒山路
盛世华庭,3448,,,新沂/新沂市区/新邵线
盛世嘉园,2755,,,睢宁/城区/校前路
睢宁温馨家园,6770,,,睢宁/城区/天虹大道
水馨园小区,4386,,,丰县/城区/向阳路
吴庄花园北区,12395,,,泉山/市二院/明珠路
五州新天地,7355,,,沛县/沛县市区/香城路50号
西贺花园(西区),5495,,,金山桥开发区/高铁站/长安大道
西贺花园(东区),5761,,,"金山桥开发区/高铁站/广德路,近徐海路"
香城怡园,4200,,,沛县/沛县市区/香城路
香颂雅苑,7086,,,沛县/沛县市区/香城路39-77号
祥瑞家园,3987,,,新沂/新沂市区/马陵山路29号
祥和苑,4714,,,丰县/城区/兴华路
新城嘉苑A区,5052,,,沛县/沛县市区/嘉苑路
铁路四宿舍,6481,,,鼓楼/堤北/长征路
铁路宿舍,8988,,,云龙/火车站/青年东路31号
恒盛广场公寓楼,13580,,,泉山/大润发/建国西路288号
湖畔小区,4424,,,"贾汪/青山泉镇/310国道,近星光大道"
墩集花苑,2968,,,"邳州/邳州市区/三先路,近陇海大道"
万隆金碧嘉园,5494,,,邳州/邳州市区/三汊河路
同盛广场,6288,,,邳州/邳州市区/建设中路
土山寺龙润小区,10360,,,云龙/万达广场/幸福路
盛和嘉园,3253,,,"丰县/城区/西城南路,近南环路"
胜阳公寓,1674,,,"铜山/铜山新区/中山路,近苏州路"
明珠花园,2400,,,丰县/城区/永安路
新华家园,5922,,,沛县/沛县市区/东风东路8号
农苑小区,4985,,,丰县/城区/向阳路
明珠御景花园,5833,,,邳州/邳州市区/恒山路
明珠园,6365,,,沛县/沛县市区/汤沐东路2号
南洋新村,3500,,,沛县/沛县市区/上海路
美的公馆,19519,,,金山桥开发区/高铁站/金湖路
瑞福园,4615,,,丰县/城区/环城北路
瑞鑫郡王府,2774,,,新沂/新沂市区/南京路
清怡花园,6882,,,沛县/沛县市区/东风西路2号
如意家园,6230,,,沛县/沛县市区/253省道
高盛唐郡,7446,,,"贾汪/新夏路口/府佐街,近府后街"
汉鑫雅园,5009,,,"铜山/檀香山/运河路,近茅村镇南街"
威尼斯商城,5092,,,"睢宁/城区/中山北路,近元府中路"
安和苑,4188,,,"邳州/邳州市区/天山南路,近化工路"
共建小区,10832,,,泉山/凤鸣路/共建路
鼎瑞雅居(西区),11615,,,泉山/段庄广场/矿山路
消防小区,10359,,,泉山/矿业大学/泰安路
电北小区,15772,,,鼓楼/古彭广场/解放北路
贵邦俊园(东区),12623,,,云龙/九七医院/响山路1-101号
福润佳苑(东区),7857,,,"泉山/段庄广场/福润路,近淮海西路"
雨润新城玉兰苑,8768,,,泉山/火花/310国道
奎西巷49号院,8902,,,泉山/中山南路/建国西路
艺君花园(西区),9793,,,"泉山/西苑/艺君花园路,近黄河南路"
中枢95号院,10416,,,泉山/中山南路/中枢南街
古槐园二期,9500,,,云龙/火车站/铜山路
雨润新城紫薇园(别墅),10908,,,泉山/火花/310国道
雨润新城紫薇园,10540,,,泉山/火花/310国道
华汇时代,5000,,,"睢宁/城区/612省道,近新市街"
美树馆,5400,,,沛县/沛县市区/正阳路
玫瑰家园,5261,,,新沂/新沂市区/五华路
煤城新村,6250,,,沛县/沛县市区/上海路
名仕花园,5675,,,丰县/城区/河滨路2341号
瑞兴小区,4800,,,邳州/邳州市区/瑞星路
塞纳河畔花园洋房小区,9000,,,铜山/铜山万达/华山北路
三连居民公寓,4474,,,邳州/邳州市区/锦江西路
尚品人家,5800,,,丰县/城区/中阳大道
尚书苑,5276,,,邳州/邳州市区/青年东路
申江新村(东区),3600,,,沛县/沛县市区/北京路
胜利小区中区,4887,,,丰县/城区/胜利街
晟翔嘉苑,2948,,,新沂/新沂市区/301县道
盛达花园,6719,,,邳州/邳州市区/建设北路8号
沛县爱颐老年公寓,4200,,,沛县/沛县市区/正阳大道
沛南小区,4500,,,沛县/沛县市区/汉城路
栖凤园,4282,,,丰县/城区/中阳大道003号
沛县汉皇老年公寓,4200,,,沛县/沛县市区/汉邦路
平安公寓式住宅,8000,,,云龙/沃尔玛/解放路179号
中梁香缇公馆,8828,,,"泉山/火花/310国道,近311国道"
榆庄小区,1774,,,"铜山/铜山新区/余梁路,近三皇线"
丽缘小区,3700,,,"贾汪/青山泉镇/通港大道,近305县道"
铜瓷家园,4752,,,"铜山/铜山新区/振兴路,近商业北街"
徐沙河景苑,3144,,,"睢宁/城区/邱魏线,近睢宁绕城高速"
闫庄繁荣小区,3300,,,"贾汪/青山泉镇/繁荣路,近玄界路"
龙珠小区,2800,,,邳州/邳州市区/复兴东路
龙乡苑,5591,,,丰县/城区/解放东路
龙潭公寓,10459,,,金山桥开发区/高铁站/龙潭环路5号
刘官屯新村,2600,,,沛县/沛县市区/253省道
临府花园,5332,,,丰县/城区/新华巷
黎明城市中心花园,7576,,,邳州/邳州市区/青年东路
康乐新村,3600,,,沛县/沛县市区/上海路
康馨园北区,5067,,,"贾汪/新夏路口/转型大道,近大泉路"
奎园小区秋月园,10989,,,泉山/矿业大学/淮塔东路
奎园小区明月园,11986,,,泉山/矿业大学/淮塔东路
奎园小区晓月园,11152,,,泉山/矿业大学/淮塔东路
九州逸景,5454,,,沛县/沛县市区/新沛路24号
凯瑞花园,6087,,,新沂/新沂市区/大桥西路100号
九洲佳园,5874,,,丰县/城区/向阳路66号
敬安二居新村,2600,,,沛县/沛县市区/金虹大道
锦绣水岸,5700,,,丰县/城区/河滨路
锦绣家园,6287,,,沛县/沛县市区/正阳路
锦绣佳园,4291,,,丰县/城区/环城北路
金泽花园,5200,,,邳州/邳州市区/解放路
金泰小区二期,10672,,,泉山/湖滨小区/泰山路，近三环南路
金苑小区(南院),10184,,,鼓楼/金山桥/金苑路1号
金秋小区,3887,,,新沂/新沂市区/针织西巷
汉王供销社小区,7517,,,铜山/国基城邦/珠江路127号
金辉公寓,5728,,,睢宁/城区/东升街
金鹿花园二期,2600,,,沛县/沛县市区/321省道
金陵豪庭,3587,,,新沂/新沂市区/陵沭路
检察院公寓,11355,,,云龙/万达广场/东三环路南段68号
江南名都城,6821,,,沛县/沛县市区/东风东路69号
金安怡丽家园,6248,,,邳州/邳州市区/华山路
金地御园,7290,,,沛县/沛县市区/歌风路
金帝时尚广场,8973,,,邳州/邳州市区/青年东路
金虹嘉园,3000,,,沛县/沛县市区/322省道
金广厦花苑,6287,,,新沂/新沂市区/钟吾路
华西格林春天一期,6485,,,沛县/沛县市区/沛公路
黄河小区,9664,,,泉山/夹河街东/黄河南路275号
家和花园,5963,,,沛县/沛县市区/东风中路66号
佳地雅居,5565,,,邳州/邳州市区/天山南路
荟苑新区,4949,,,丰县/城区/中阳大道5259号
湖滨三期,10899,,,泉山/湖滨小区/湖滨路
湖滨四期,11071,,,泉山/湖滨小区/湖滨路
华西格林春天二期,6615,,,沛县/沛县市区/沛公路
湖滨一期,12264,,,泉山/湖滨小区/湖滨路
华泰佳园(南区),5507,,,邳州/邳州市区/文化路
华东小区,7043,,,新沂/新沂市区/公园路
城置国际花园城(东区),11921,,,"金山桥开发区/高铁站/城置商业街,近广德路"
城置国际花园城(北区),12086,,,"金山桥开发区/金龙湖/长安大道,近城置商业街"
华润昆仑御,13745,,,"泉山/交通银行/欣欣路,近长安路"
旭日花园,3174,,,铜山/铜山万达/府中路
光华安置小区,3891,,,"睢宁/城区/菁华北路,近红陶线"
绿地工润和平壹号(二期),14230,,,"云龙/万达广场/民富路,近汉源大道"
先锋家园(西区),9541,,,"云龙/万达广场/建军路,近徐海路"
昌隆公寓,7628,,,鼓楼/杨庄/下淀路133号
茶庵小区(A区),8111,,,"新城区/奥体中心/新元大道,近汉风路"
管道西山公寓,12523,,,"铜山/铜山万达/上海路,近翟南路"
运河佳园,5934,,,"邳州/邳州市区/东兴路,近文苑西路"
恒大潘安湖生态小镇,10279,,,"贾汪/青山泉镇/利大路,近310国道"
绿地理想城,12490,,,"泉山/开元四季/金山东路,近文华路"
同北巷1-5号小区,10232,,,"铜山/铜山万达/同北巷1,3,5号"
新事业小区南院,12083,,,泉山/夹河街东/苏堤北路60号
新事业小区北院,9062,,,泉山/夹河街东/苏堤北路60号
小北门29号院,10030,,,泉山/夹河街东/光明东路
小北门23号院,10890,,,泉山/夹河街东/光明东路
鼓楼小区,5953,,,沛县/沛县市区/正阳北路69号
古沛人家,3800,,,沛县/沛县市区/汤沐西路13号
江苏师范大学泉山东院住宅小区,12076,,,铜山/铜山万达/学苑路9号
华新社区,5679,,,"金山桥开发区/高铁站/矿山路,近徐贾快速通道"
东方锦城,10629,,,"云龙/绿地世纪城/郭庄路,近备战路"
苏山小区,7738,,,"泉山/火花/汉城路,近苏丁路"
金旅公园里,5831,,,"贾汪/新夏路口/桃源路,近转型大道"
碧桂园凤凰台,6839,,,"贾汪/新夏路口/山水大道,近水渠路"
楚河金茂府(别墅),16929,,,"铜山/铜山万达/嵩山路,近彭祖路"
楚河金茂府,17460,,,"铜山/铜山万达/嵩山路,近彭祖路"
聚福家园小区,2687,,,"铜山/文泰康城/海运路,近202县道"
美的雍翠园,13678,,,铜山/铜山万达/嵩山路1号
驿乐园,6736,,,"铜山/铜山新区/长安路,近欣丰路"
山湖湾,9199,,,"铜山/檀香山/徐萧公路,近144县道"
正亚小区,4087,,,"铜山/檀香山/文化路,近环镇南路"
官路小区,3800,,,"睢宁/城区/官陈线,近252省道"
云龙玉棠苑,11538,,,"云龙/万达广场/云苑路,近幸福路"
中枢101大院,9777,,,泉山/中山南路/立德路
小北门17号院,11500,,,泉山/夹河街东/光明东路
小北门20号院,10808,,,泉山/夹河街东/小北门20号
明丽苑,10761,,,泉山/夹河街东/明理街
民和园(南区),10500,,,"泉山/西苑/西苑中路,近民安路"
民和园(西区),10750,,,泉山/西苑/民安路
小北门24号院,11256,,,泉山/夹河街东/光明东路
小北门27号院,11545,,,泉山/夹河街东/光明东路
奎西巷51号院,7318,,,泉山/中山南路/立德路
光荣一巷小区,11131,,,"泉山/夹河街东/光荣一巷,近明理街"
卫生局宿舍,11803,,,云龙/师大北门/引洪路6号
云龙华府(北区),16937,,,"云龙/绿地世纪城/经一路,近纬一路"
管道二公司小区(南二区东院),13671,,,"泉山/风华园/翟北路,近北京路"
怡园新村,4181,,,邳州/邳州市区/奚仲路
怡君园小区,2200,,,丰县/城区/人民中路
颐园新村,3600,,,沛县/沛县市区/幸福路
阳光小区,4268,,,沛县/沛县市区/韩信路
一栋洋房名居园,15916,,,泉山/凤鸣路/凤台路17号
迎春小区,5374,,,新沂/新沂市区/新华南路
迎宾小区,6058,,,邳州/邳州市区/建设中路
御水华庭,4605,,,沛县/沛县市区/樊哙路
汉景华城,6204,,,沛县/沛县市区/歌风路29号
汉府嘉苑,5948,,,沛县/沛县市区/新沛路2号
红光小区,3833,,,沛县/沛县市区/萧何路
汉之源大厦,5200,,,沛县/沛县市区/汤沐路
广场小区(泉涯路),3489,,,贾汪/青山泉镇/泉涯路
绿地商务城海顿公馆,15981,,,新城区/奥体中心/元和路
韩坝新村,3308,,,沛县/沛县市区/汉邦路2号
汉城名座,6144,,,沛县/沛县市区/向阳路
福源小区,5540,,,沛县/沛县市区/322省道
光明公寓,2823,,,邳州/邳州市区/光明路
公安小区,5333,,,邳州/邳州市区/青年东路127号
绿地商务城公园首府,17139,,,新城区/奥体中心/元和路
医学院宿舍,10948,,,泉山/夹河街东/夹河前街50号
富康新村,6000,,,沛县/沛县市区/南京路
邮电新村,5217,,,邳州/邳州市区/解放路
涌金花苑,7160,,,邳州/邳州市区/瑞兴南路5号
永业世纪花园二期,12063,,,鼓楼/堤北/铜沛路
永安花园,2400,,,丰县/城区/永安路
园丁园,4500,,,沛县/沛县市区/沛中路8号
毓秀小区,5785,,,丰县/城区/响山路
公安公寓,7656,,,"铜山/铜山万达/淮河西路,近北京路"
滨河小区,6780,,,邳州/邳州市区/青年东路141号
九洲花园,7146,,,睢宁/城区/元府中路
江南山水,6369,,,沛县/沛县市区/东风东路68号
锦凤溪,4237,,,"贾汪/新夏路口/泓福路,近桃源路"
怡和公寓(睢宁),6030,,,睢宁/城区/文学北路83号
沂铁花苑,4487,,,新沂/新沂市区/徐海路
薇园西小区,13357,,,泉山/儿童医院/淮海西路
凤云小区,11172,,,泉山/凤鸣路/凤台路
段南新村(二环西路),11474,,,"泉山/大润发/二环西路,近淮海西路"
明理街60号院,12692,,,泉山/夹河街东/明理街
少华巷小区,11820,,,"泉山/夹河街东/福顺路,近富国街"
醒狮小区(二期),11619,,,泉山/夹河街东/中山北路
新吴庄西区,10668,,,"泉山/市二院/湖北路,近煤建路"
西苑民乐园附,9583,,,"泉山/西苑/黄河南路,近西三环路"
煤建路东三巷小区,11328,,,"泉山/大润发/明珠路,近煤建路"
泉城花都A区,3799,,,"贾汪/新夏路口/泓福路,近南京路"
泉城花都B区,3281,,,"贾汪/新夏路口/新区路,近永福路"
泉城花都C区,3636,,,"贾汪/新夏路口/泓福路,近永福路"
泉城花都D区,3750,,,贾汪/新夏路口/南京路
龙润山庄(别墅),19535,,,泉山/湖滨小区/金山东路35号
中浙国贸花园(北区),6496,,,邳州/邳州市区/长江西路
珠江小区,6048,,,邳州/邳州市区/建设中路37号
中央金座,3906,,,丰县/城区/向阳路108号
中阳嘉园,4336,,,丰县/城区/中阳大道6003号
中原桃花岛小区,6359,,,邳州/邳州市区/青年东路
中三新村,2800,,,沛县/沛县市区/民富路
中昊雅居苑,4000,,,邳州/邳州市区/奚仲路
张小楼新村,4500,,,鼓楼/九里/徐丰公路
中国煤炭地质总局一四七勘探队居民小区,3500,,,沛县/沛县市区/南京路46号
张双楼新村,2600,,,沛县/沛县市区/张大线
张小楼小区,4878,,,泉山/火花/工人路
悦景轩,7574,,,新沂/新沂市区/利民路
悦景轩二期,7274,,,新沂/新沂市区/大桥路92号
园梦花园,10592,,,云龙/火车站/津浦东路
东山怡园,7494,,,贾汪/青山泉镇/206国道
天惠京华苑,6022,,,邳州/邳州市区/淮河路
迎宾小区,5512,,,"沛县/沛县市区/迎宾大道,近东环路"
月亮湾,6227,,,邳州/邳州市区/三汊河路
硕丰雅居(别墅),9570,,,"铜山/铜山万达/棠马路,近纺织路"
新汉城(别墅),7000,,,"沛县/沛县市区/正阳大道,近沛公路"
丽水华庭,5100,,,"睢宁/城区/府前街,近302省道"
绿地商务城国际花都(别墅),21910,,,新城区/奥体中心/昆仑大道2号
金达花园,5490,,,铜山/铜山万达/京福线
学府嘉园,8307,,,睢宁/城区/文学北路
金达银座,7000,,,新沂/新沂市区/南京路
翠屏嘉苑,5061,,,新沂/新沂市区/郯新路69号
花园小区(一期),6217,,,睢宁/城区/青年路
汇金学府,7618,,,睢宁/城区/中山北路
钰嘉园,7170,,,睢宁/城区/元府东路48号
永昶路安居小区,5416,,,睢宁/城区/永昶东路
星星家园,6155,,,睢宁/城区/徐宁西路
国信上城叠院(别墅),16946,,,新城区/新市政府/民生路
千禧园小区,10344,,,新沂/新沂市区/市府路73号
阳光花园,10529,,,邳州/邳州市区/三汊河路
润龙花园,3600,,,沛县/沛县市区/黄河路
风华园(沿河南路),7206,,,"邳州/邳州市区/沿河南路,近三汊河路"
电大小区,9878,,,"邳州/邳州市区/珠江东路,近建设中路"
亚都花园,5490,,,邳州/邳州市区/建设中路
山水茗居,10331,,,铜山/铜山万达/海河西路139号
鸿福家园,5787,,,"邳州/邳州市区/文苑东路,近瑞兴北路"
怡园小区,8840,,,"沛县/沛县市区/汉源大道,近汤沐路"
滨湖景苑,3972,,,"邳州/邳州市区/泰州路,近长江路"
龙潭小区,8750,,,"沛县/沛县市区/汉城路,近公园南路"
金港新村,5950,,,"邳州/邳州市区/华山路,近锦江西路"
明德小区,4700,,,邳州/邳州市区/建设北路6号
幸福小区三期,4403,,,睢宁/城区/幸福路
紫荆花苑小区,10727,,,新沂/新沂市区/钟吾路167号
锦绣茗苑,5374,,,新沂/新沂市区/建邺路
怡东花园,4044,,,新沂/新沂市区/新东路
群冠铭苑,6687,,,新沂/新沂市区/新东路
红叶小区,6421,,,睢宁/城区/红叶路
红光小区,4289,,,睢宁/城区/鸿禧路
红叶公寓,6827,,,睢宁/城区/中山北路
福成花园,7587,,,新沂/新沂市区/大桥路
凤凰苑,4974,,,新沂/新沂市区/沭东大道88号
枫华园,7107,,,睢宁/城区/八一西路
枫荷雅居,8196,,,新沂/新沂市区/新东路5号
凤凰嗉A区,4563,,,丰县/城区/顺河南街
风泽园,5276,,,新沂/新沂市区/钟吾南路
东升花园,8001,,,睢宁/城区/东升街
东方宜家花园,4327,,,"贾汪/新夏路口/泉城路,近宏安路"
东方明珠花苑,6400,,,睢宁/城区/东升街30号
东方花园,7894,,,邳州/邳州市区/三汊河路
电声大楼,6091,,,睢宁/城区/人民东路232号
金顶世贸城丁香园,6807,,,睢宁/城区/东升街
城南新村小区,5114,,,新沂/新沂市区/马陵山路
城关新村,6487,,,新沂/新沂市区/城关里
碧桂园,12692,,,睢宁/城区/永安路
滨河嘉园,6035,,,新沂/新沂市区/钟吾南路
和谐小区,5932,,,睢宁/城区/八一路
恒盛花苑,6374,,,新沂/新沂市区/新安路79号
恒盛嘉园,7265,,,邳州/邳州市区/闽江路
和丰园,5076,,,丰县/城区/254省道
翰林花园北区,10403,,,"云龙/万达广场/庆丰路,近徐海路"
海棠小区,5601,,,铜山/铜山万达/海棠路
金顶世贸城海棠园,7193,,,睢宁/城区/东升街
管道二公司小区(北二区),8888,,,"泉山/矿业大学/三环南路,近解放南路"
管道社区东区,14700,,,泉山/泉山森林公园/三环南路
广场小区,3347,,,贾汪/青山泉镇/将军大街
广达新苑,5922,,,新沂/新沂市区/新安路82号
广厦家园,6875,,,新沂/新沂市区/新华路
金顶世贸城桂花园(一期),6762,,,睢宁/城区/东升街35号
国际公寓,7431,,,睢宁/城区/人民东路10号
福乐园小区,7674,,,铜山/铜山万达/长安路
富丽花园同创小区,10000,,,新沂/新沂市区/青年路
富达苑小区,6722,,,新沂/新沂市区/建业路
富丽西园,10984,,,泉山/大润发/吴庄路463号
怡景雅居,6687,,,新沂/新沂市区/大桥路8号
怡景佳园,5825,,,新沂/新沂市区/市府路71-1号
云河公寓,4312,,,"睢宁/城区/苏源线,京福线"
苑南大厦,6566,,,睢宁/城区/文学南路58号
御源华府,3136,,,新沂/新沂市区/新华路
华园小区,4274,,,新沂/新沂市区/大桥西路72号
友谊北小区,13505,,,泉山/段庄广场/淮海西路
金顶世贸城樱花园,7456,,,睢宁/城区/东升街
中国城,5128,,,睢宁/城区/中山南路
中山公寓,7306,,,睢宁/城区/中山北路100号
中山花园,6809,,,睢宁/城区/中山北路
智博园,5287,,,新沂/新沂市区/青年路41号
运河人家,6200,,,邳州/邳州市区/建设中路
紫荆花苑(同昌西路),10410,,,铜山/铜山万达/天洁路18号
紫丁香嘉园,6289,,,邳州/邳州市区/奚仲路
珠苑里一村,10315,,,鼓楼/祥和路/祥和路2号
新春小区,5574,,,新沂/新沂市区/大桥路
百力康城,5512,,,新沂/新沂市区/大桥路
百合嘉园,8450,,,"新沂/新沂市区/北京路,近轻工路"
百合园小区,6882,,,睢宁/城区/东升街
小福州花园三期,5247,,,睢宁/城区/文学南路
小福州花园二期,5745,,,睢宁/城区/文学南路
新城尚品,6469,,,睢宁/城区/红陶线
北粮大厦,6299,,,睢宁/城区/中山北路
祥和西区,9537,,,鼓楼/祥和路/祥和路
祥远小区,5774,,,新沂/新沂市区/青年路
向阳小区,4318,,,睢宁/城区/苏源线
小福州花园一期,5161,,,睢宁/城区/文学南路
新苑小区,6590,,,新沂/新沂市区/城关里
新沂沭滨小区,7083,,,新沂/新沂市区/钟吾路
新沂华源公寓,6018,,,新沂/新沂市区/新安路
新铁家苑,5161,,,新沂/新沂市区/人民路
客运宿舍西区(鼓楼),10034,,,鼓楼/庆云桥西/黄河北路
新港小区,4687,,,新沂/新沂市区/市府路89号
徐州发电厂职工宿舍,11018,,,鼓楼/堤北/环城路12号
宣武公寓,6538,,,睢宁/城区/红叶路
徐州回转支承公司公寓式住宅,5390,,,鼓楼/祥和路/祥和路
星河湾,6451,,,睢宁/城区/青年中路
杏花苑小区,3204,,,睢宁/城区/121省道
幸福小区四期,3676,,,睢宁/城区/幸福路
耀华苑公寓,7047,,,睢宁/城区/睢河路
雅园,10270,,,泉山/凤鸣路/奎山路
学府家园,7218,,,丰县/城区/长顺中路11号
阳光嘉园,3629,,,新沂/新沂市区/利民路31号
阳光家园(沛县),6640,,,沛县/沛县市区/204县道
金色家园B区,5838,,,丰县/城区/工农路
锦绣龙城,5373,,,丰县/城区/支农路
锦绣滨湖(三期),15361,,,鼓楼/下淀/响山北路
九里新苑(南区),7609,,,鼓楼/鼓楼周边/三环北路
国宾华府,3461,,,贾汪/青山泉镇/工商路171号
华茂嘉园,12762,,,新城区/新市政府/清风路
华美清园北区,1886,,,贾汪/青山泉镇/贾柳线
惠民花园,4864,,,丰县/城区/工农路
惠安居,9103,,,鼓楼/九里/西苑中路
翡翠杏山(北区),11353,,,泉山/火花/徐肖线
丰和园,18101,,,泉山/矿业大学/梨园南路
东和花园,3600,,,贾汪/世纪西路/将军大街
翡翠岛,8275,,,贾汪/青山泉镇/303县道
枫情水岸,15741,,,泉山/凤鸣路/共建路
风华园,11324,,,邳州/邳州市区/民主路
紫金花园,6000,,,贾汪/新夏路口/203县道
紫金花园,5645,,,云龙/国基城邦/紫金路
紫金花园,6424,,,睢宁/城区/天虹大道
安泰花园东区,7959,,,沛县/沛县市区/江苏路
安泰花园西区,5500,,,沛县/沛县市区/江苏路
民福园,11689,,,沛县/沛县市区/红光路
新城嘉苑D区,4684,,,沛县/沛县市区/嘉苑路
新城嘉苑B区,6188,,,沛县/沛县市区/嘉苑路
新城嘉苑C区,6691,,,沛县/沛县市区/嘉苑路
民康园,10158,,,贾汪/新夏路口/泉城路
府厚名门,9546,,,贾汪/新夏路口/府后街
雨润广场,6507,,,沛县/沛县市区/汉城路
中安小区,4629,,,"贾汪/青山泉镇/天能路,近前委路"
滨河花园,10000,,,丰县/城区/环城北路
东方大厦,5230,,,丰县/城区/中阳大道
润丰华府,2957,,,丰县/城区/子侠路
在水一方(北区),6452,,,丰县/城区/河滨路2289号
玉泉雅筑,11109,,,"铜山/铜山新区/淮河西路,近北京路"
天域华府,15676,,,云龙/楚王陵/郭庄路
叶语雅园,8125,,,鼓楼/堤北/二环北路
雨润城,4723,,,丰县/城区/中阳大道
杏林华庭,5265,,,丰县/城区/南环路
同乐中央紫郡,3953,,,"贾汪/人民公园/宏安路,近工商路"
盛世锦园,3955,,,沛县/沛县市区/汉兴路
瑞丰花园,11352,,,云龙/火车站/铜山路
周庄小区,11788,,,泉山/矿业大学/奎南路3号
重型宿舍,11290,,,"云龙/万达广场/东丰路,近黄山路"
珠苑里二村,9179,,,鼓楼/祥和路/祥和路1号
翟山城管办事处宿舍,10737,,,泉山/风华园/北京北路
永康小区,2500,,,邳州/邳州市区/燕陈线
商城公寓,6391,,,邳州/邳州市区/邳新路
清华园,5870,,,邳州/邳州市区/建设北路
锦绣家园,5501,,,邳州/邳州市区/锦江西路
金域华府,7244,,,邳州/邳州市区/华山路
金域华府(别墅),6109,,,邳州/邳州市区/华山路
金玉嘉园,6453,,,邳州/邳州市区/瑞兴北路
凤凰山庄,13181,,,泉山/凤鸣路/凤鸣路
鼎盛花园,3100,,,睢宁/城区/府前街
桃花书苑,6560,,,邳州/邳州市区/瑞兴路
翰林华府,6231,,,邳州/邳州市区/北京东路
御翠苑,5985,,,邳州/邳州市区/华山北路
锦绣苑,5759,,,邳州/邳州市区/青年东路
八六公寓,11868,,,"泉山/风华园/风华南路,近翟南路"
安康公寓,7353,,,睢宁/城区/元府中路
阳光世纪苑,4236,,,贾汪/新夏路口/大泉路
养育小区,9267,,,云龙/沃尔玛/民主南路
叶语田园,8333,,,泉山/矿业大学/长安路
引洪小区,11465,,,云龙/沃尔玛/引洪路9号
艺波小区,14848,,,云龙/沃尔玛/青年路269号
怡然小区,11111,,,泉山/西苑/水漫桥路
怡乐家园,8297,,,鼓楼/九里/汉城东路
一六九勘探队地质家园,12859,,,泉山/段庄广场/煤建一街
宜居嘉园,11050,,,"鼓楼/祥和路/沈孟路,近徐运新河西路"
永新书香苑,9672,,,铜山/铜山万达/海河西路11号
振兴城市花园,2735,,,铜山/铜山万达/振兴路
中国银行徐州九龙湖支行宿舍,9625,,,鼓楼/堤北/二环北路
知春园,5078,,,鼓楼/下淀/白云路
张庄小区,5590,,,鼓楼/九里/三环北路
新城嘉苑E区,6223,,,沛县/沛县市区/嘉苑路
金色家园,6896,,,邳州/邳州市区/250省道
金水杉嘉园,5901,,,邳州/邳州市区/海河西路
金侨城市花园,6457,,,邳州/邳州市区/南京路
学仕园,5255,,,"贾汪/世纪西路/世纪西路,韩桥路"
亚东小区,9836,,,云龙/万达广场/黄山大道42号
烟厂宿舍,8114,,,鼓楼/堤北/复兴北路123号
和平广场,6275,,,邳州/邳州市区/奚仲路2号
中央佳地国际广场,6874,,,邳州/邳州市区/银杏大道
馨乐园,7868,,,铜山/铜山万达/长安路
兴隆花园二期,9947,,,鼓楼/煤港路/煤港路
徐钢一宿舍,8335,,,鼓楼/下淀/下淀路
徐钢七宿舍,9266,,,鼓楼/下淀/下淀路220号
西城华庭,10000,,,泉山/西苑/新淮海西路
三星花苑,6934,,,邳州/邳州市区/福州路
祥颐园,4804,,,贾汪/世纪西路/世纪西路6号
武警小区,11034,,,泉山/矿业大学/解放南路
文亭小区,10256,,,泉山/彭城广场/文亭街
王场东村,8571,,,鼓楼/下淀/复兴北路130号
外经委宿舍,10313,,,鼓楼/堤北/黄河北路27号
土城小区,12841,,,云龙/沃尔玛/和平路
托龙山安置居住A区,7799,,,铜山/铜山万达/长安路
御景园南区,6363,,,丰县/城区/南苑路2号
御景园北区,7114,,,丰县/城区/中阳大道5135号
铁路十三宿舍,9375,,,鼓楼/堤北/环城路88号
铁路民祥园,10588,,,"云龙/万达广场/汉景大道,近德政路"
铁路38宿舍,5878,,,鼓楼/堤北/长征路
铁路44宿舍,5101,,,鼓楼/堤北/长征路
铁路36宿舍,6724,,,鼓楼/堤北/响山路
东泰佳苑,3383,,,金山桥开发区/高铁站/兴镇北路
董庄花园,2000,,,贾汪/新夏路口/305县道
法苑小区鼓楼法院公寓,11440,,,鼓楼/下淀/下淀路
房美桂苑,6391,,,铜山/铜山万达/琅溪路
丰储街6号楼,10496,,,云龙/沃尔玛/丰储街
东晨大厦,6974,,,泉山/段庄广场/苏堤南路78号
电业局宿舍,10294,,,泉山/市二院/煤建东三巷
东方宜家花园小区,4687,,,贾汪/新夏路口/206国道
东尚润景花园,11666,,,鼓楼/下淀/下淀路
翠园,14264,,,"泉山/凤鸣路/奎山路,近奎山中街"
大湖安置小区,5059,,,金山桥开发区/高铁站/通徐路
博爱小区,11371,,,泉山/段庄广场/永安南街
彩园,9200,,,泉山/凤鸣路/奎山中街
苏宁尊悦府邸,22974,,,鼓楼/彭城广场/彭城路
佳境花园,5042,,,邳州/邳州市区/花园路
体育局宿舍,9933,,,泉山/段庄广场/淮海西路
桃源世家,5805,,,"贾汪/世纪西路/利民路,近桃花路"
向阳佳园,6666,,,邳州/邳州市区/三汊河路
铁路18宿舍,7023,,,鼓楼/下淀/下淀路
铁路28宿舍,5736,,,鼓楼/下淀/响山路
铁路33宿舍,9318,,,云龙/楚王陵/黄河东路
铁路35宿舍,7287,,,鼓楼/堤北/复兴北路
天山公寓,5450,,,邳州/邳州市区/天山路
盛鑫佳园,7047,,,邳州/邳州市区/福州路
师大公寓,10399,,,"铜山/铜山万达/圭山路,近同昌西路"
书香园,10113,,,泉山/湖滨小区/云泰路3号
上山安置小区(东区),5334,,,"金山桥开发区/高铁站/徐海路,近鲲鹏路"
润和花园,3437,,,铜山/铜山万达/振兴路
韩山民惠园,8414,,,泉山/火花/三环西路
供销佳苑,3500,,,铜山/铜山万达/运河路
华美和园一期,5825,,,铜山/檀香山/徐丰公路
华美和园二期,5538,,,铜山/檀香山/徐丰公路
华美和园三期,5519,,,铜山/檀香山/徐丰公路
华美和园四期,6079,,,铜山/檀香山/徐丰公路
华美星光花园(1期),3500,,,贾汪/青山泉镇/夏桥街
华润家园,2500,,,铜山/铜山万达/华润路
互助小区,9497,,,泉山/彭城广场/风化街
湖里小区二期,2641,,,贾汪/新夏路口/华建路
护矿里宿舍小区,2941,,,贾汪/青山泉镇/贾韩中路
矿大高知公寓,9730,,,铜山/铜山万达/圭山路21号
矿务局宿舍局长楼,8934,,,泉山/段庄广场/淮海西路235号
乐府花园,3300,,,铜山/铜山万达/俯前街
利群小区,6315,,,云龙/火车站/复兴南路
